Location,Latitude,Longitude,Lead_Pb_mg_kg,Cadmium_Cd_mg_kg,Chromium_Cr_mg_kg,Arsenic_As_mg_kg,Zinc_Zn_mg_kg,Copper_Cu_mg_kg,Industry_Type,Distance_from_Discharge_m,Pollution_Risk_Level
Zone_Industrielle_Monastir,35.789,10.838,46,1.9,91,2.2,106,25,Textile_Dyeing,902,Low
Zone_Industrielle_Monastir,35.746,10.728,22,0.9,62,3.5,62,30,Washing_Plant,1212,Low
Zone_Industrielle_Monastir,35.799,10.819,72,2.4,64,3.3,77,82,Textile_Dyeing,1474,Moderate
Zone_Industrielle_Monastir,35.775,10.803,52,1.5,61,1.5,84,37,Textile_Dyeing,576,Low
Zone_Industrielle_Monastir,35.774,10.884,79,2.3,119,4.3,59,60,Textile_Dyeing,1359,Moderate
Zone_Industrielle_Monastir,35.752,10.72,41,1.9,110,2,79,87,Textile_Dyeing,737,Moderate
Zone_Industrielle_Monastir,35.717,10.75,72,4.4,200,5,108,100,Textile_Dyeing,409,Moderate
Zone_Industrielle_Monastir,35.752,10.765,28,1.8,55,4,139,37,Textile_Dyeing,928,Low
Zone_Industrielle_Monastir,35.716,10.888,41,0.7,98,4.6,66,30,Washing_Plant,1200,Low
Zone_Industrielle_Monastir,35.747,10.708,130,1.2,78,8.4,82,162,Textile_Dyeing,262,Moderate
Zone_Industrielle_Monastir,35.769,10.805,124,2.8,102,8.6,142,54,Washing_Plant,248,Moderate
Zone_Industrielle_Monastir,35.758,10.843,21,1.9,80,1.2,59,73,Textile_Dyeing,1003,Low
Zone_Industrielle_Monastir,35.749,10.766,206.5,7.7,199.5,8.05,220.5,168,Textile_Dyeing,158,High
Zone_Industrielle_Monastir,35.715,10.831,120,4.4,144,2.8,82,178,Washing_Plant,239,Moderate
Zone_Industrielle_Monastir,35.729,10.884,245,7.7,238,4.9,241.5,126,Textile_Dyeing,59,High
Zone_Industrielle_Monastir,35.708,10.861,122,2.8,210,2.4,248,158,Textile_Dyeing,317,High
Zone_Industrielle_Monastir,35.714,10.805,90,1.4,142,6,194,140,Textile_Dyeing,367,Moderate
Zone_Industrielle_Monastir,35.751,10.75,72,1,68,9.8,86,48,Textile_Dyeing,240,Low
Zone_Industrielle_Monastir,35.731,10.867,70,1.7,113,4.2,104,29,Textile_Dyeing,665,Moderate
Zone_Industrielle_Monastir,35.777,10.838,23,0.8,72,3.6,89,52,Textile_Dyeing,1329,Low
Zone_Industrielle_Monastir,35.707,10.761,70,1.8,132,9,206,108,Textile_Dyeing,474,Moderate
Zone_Industrielle_Monastir,35.79,10.878,150.5,3.5,199.5,13.65,206.5,129.5,Textile_Dyeing,96,High
Zone_Industrielle_Monastir,35.758,10.83,96,3.4,90,5.8,132,42,Textile_Dyeing,419,Moderate
Zone_Industrielle_Monastir,35.724,10.795,21,1.8,83,1.5,116,79,Washing_Plant,947,Low
Zone_Industrielle_Monastir,35.798,10.796,40,1.6,43,1.6,45,42,Textile_Dyeing,644,Low
Zone_Industrielle_Monastir,35.718,10.87,31,1.7,82,2.3,105,49,Washing_Plant,1395,Low
Zone_Industrielle_Monastir,35.734,10.811,71,1.9,117,3,69,32,Textile_Dyeing,1216,Moderate
Zone_Industrielle_Monastir,35.76,10.824,33,2.3,110,2.3,93,67,Textile_Dyeing,708,Moderate
Zone_Industrielle_Monastir,35.755,10.819,20,1.8,97,1.5,92,32,Textile_Dyeing,1374,Low
Zone_Industrielle_Monastir,35.776,10.756,30,0.5,48,3.6,66,78,Textile_Dyeing,509,Low
Zone_Industrielle_Monastir,35.716,10.842,156,4,126,8.6,86,168,Textile_Dyeing,497,High
Zone_Industrielle_Monastir,35.75,10.718,55,2.2,66,2.4,60,35,Textile_Dyeing,790,Moderate
Zone_Industrielle_Monastir,35.778,10.797,51,1,77,4.9,92,35,Washing_Plant,1442,Low
Zone_Industrielle_Monastir,35.76,10.709,71,0.6,119,3.4,86,40,Washing_Plant,939,Moderate
Zone_Industrielle_Monastir,35.768,10.82,114,4.2,210,4.8,272,132,Washing_Plant,392,High
Zone_Industrielle_Monastir,35.737,10.894,55,1.3,31,3.1,81,78,Textile_Dyeing,1258,Low
Zone_Industrielle_Monastir,35.735,10.876,116,1.8,136,4.4,236,80,Washing_Plant,256,Moderate
Zone_Industrielle_Monastir,35.758,10.733,87.5,8.05,311.5,5.95,192.5,108.5,Textile_Dyeing,170,High
Zone_Industrielle_Monastir,35.75,10.739,51,1.3,48,3.9,91,62,Washing_Plant,690,Low
Zone_Industrielle_Monastir,35.739,10.717,56,0.7,97,4.2,109,24,Washing_Plant,1364,Low
Zone_Industrielle_Monastir,35.776,10.754,49,2,101,1.8,121,46,Washing_Plant,1304,Moderate
Zone_Industrielle_Monastir,35.762,10.899,110,3,152,2.2,228,158,Textile_Dyeing,313,Moderate
Zone_Industrielle_Monastir,35.784,10.729,54,4.8,144,3.4,148,146,Textile_Dyeing,457,Moderate
Zone_Industrielle_Monastir,35.791,10.849,62,1.1,51,4.4,42,53,Textile_Dyeing,1485,Low
Zone_Industrielle_Monastir,35.743,10.89,61,2,102,1.1,42,87,Washing_Plant,630,Moderate
Zone_Industrielle_Monastir,35.769,10.806,82,4,166,5.8,196,136,Washing_Plant,216,Moderate
Zone_Industrielle_Monastir,35.709,10.897,27,1.2,30,4.9,62,20,Washing_Plant,830,Low
Zone_Industrielle_Monastir,35.777,10.723,30,1,71,3.9,46,68,Textile_Dyeing,1473,Low
Zone_Industrielle_Monastir,35.786,10.854,20,1.4,57,1.7,41,40,Textile_Dyeing,1405,Low
Zone_Industrielle_Monastir,35.743,10.726,58,2.4,89,1,74,64,Washing_Plant,1460,Moderate
Zone_Industrielle_Monastir,35.752,10.741,21,0.6,116,2,144,67,Textile_Dyeing,1349,Moderate
Zone_Industrielle_Monastir,35.753,10.86,31,1.5,87,1,72,26,Washing_Plant,1084,Low
Zone_Industrielle_Monastir,35.79,10.802,34,2.2,71,2.6,92,55,Washing_Plant,1181,Moderate
Zone_Industrielle_Monastir,35.707,10.78,57,1.5,67,3.7,142,66,Washing_Plant,1269,Low
Zone_Industrielle_Monastir,35.78,10.807,34,1.8,39,2.9,131,73,Textile_Dyeing,1163,Low
Zone_Industrielle_Monastir,35.757,10.832,21,0.9,99,3.9,133,32,Washing_Plant,1152,Low
Zone_Industrielle_Monastir,35.749,10.768,79,0.9,34,2.8,120,75,Textile_Dyeing,771,Low
Zone_Industrielle_Monastir,35.77,10.811,57,0.5,86,2.9,124,36,Textile_Dyeing,1268,Low
Zone_Industrielle_Monastir,35.709,10.736,58,1,113,3.3,147,62,Textile_Dyeing,845,Moderate
Zone_Industrielle_Monastir,35.795,10.858,28,1.4,79,1.8,149,88,Textile_Dyeing,762,Low
Zone_Industrielle_Monastir,35.716,10.86,50,1.6,105,3.6,50,62,Textile_Dyeing,687,Moderate
Zone_Industrielle_Monastir,35.762,10.72,41,1.8,117,1.7,112,69,Washing_Plant,830,Moderate
Zone_Industrielle_Monastir,35.773,10.845,58,0.9,91,4.9,144,75,Washing_Plant,1498,Low
Zone_Industrielle_Monastir,35.784,10.895,52,1.7,75,3.9,122,32,Washing_Plant,680,Low
Zone_Industrielle_Monastir,35.744,10.712,52,1.2,39,2.6,51,39,Textile_Dyeing,947,Low
Zone_Industrielle_Monastir,35.758,10.847,55,2.4,53,1.7,125,79,Washing_Plant,1219,Moderate
Zone_Industrielle_Monastir,35.791,10.748,59,2.4,44,2.5,42,46,Washing_Plant,879,Moderate
Zone_Industrielle_Monastir,35.785,10.761,106,3.4,116,7,190,144,Washing_Plant,407,Moderate
Zone_Industrielle_Monastir,35.72,10.719,62,2.1,79,3.3,149,88,Textile_Dyeing,1202,Moderate
Zone_Industrielle_Monastir,35.751,10.778,53,1,72,1.3,112,25,Textile_Dyeing,831,Low
Zone_Industrielle_Monastir,35.719,10.765,20,1.6,55,1.2,98,87,Textile_Dyeing,701,Low
Zone_Industrielle_Monastir,35.709,10.748,73,1.9,87,1.6,130,53,Textile_Dyeing,1282,Low
Zone_Industrielle_Monastir,35.765,10.899,39,2.3,37,1.4,53,83,Textile_Dyeing,1015,Moderate
Zone_Industrielle_Monastir,35.726,10.766,68,0.9,93,2.1,81,45,Textile_Dyeing,578,Low
Zone_Industrielle_Monastir,35.736,10.813,142,3.6,166,2.8,292,48,Washing_Plant,323,Moderate
Zone_Industrielle_Monastir,35.737,10.805,79,0.8,37,4.3,62,60,Textile_Dyeing,809,Low
Zone_Industrielle_Monastir,35.776,10.872,59,2.4,34,1.1,106,60,Washing_Plant,1108,Moderate
Zone_Industrielle_Monastir,35.725,10.77,80,2.2,142,6,178,130,Textile_Dyeing,478,Moderate
Zone_Industrielle_Monastir,35.717,10.895,56,1.2,87,2.6,112,78,Textile_Dyeing,1388,Low
Zone_Industrielle_Monastir,35.771,10.776,48,1,168,7.6,208,48,Washing_Plant,214,Moderate
Zone_Industrielle_Monastir,35.784,10.772,75,1.7,104,3,112,84,Washing_Plant,1209,Moderate
Zone_Industrielle_Monastir,35.7,10.846,234.5,2.8,402.5,8.05,252,94.5,Textile_Dyeing,57,High
Zone_Industrielle_Monastir,35.782,10.717,227.5,5.6,392,13.65,199.5,206.5,Textile_Dyeing,64,High
Zone_Industrielle_Monastir,35.718,10.889,116,3,174,9.2,254,120,Washing_Plant,311,Moderate
Zone_Industrielle_Monastir,35.739,10.865,31,0.7,51,3,50,33,Washing_Plant,999,Low
Zone_Industrielle_Monastir,35.714,10.819,54,1.1,62,3.9,60,36,Washing_Plant,781,Low
Zone_Industrielle_Monastir,35.775,10.889,58,0.9,47,2.9,57,45,Textile_Dyeing,1357,Low
Zone_Industrielle_Monastir,35.746,10.875,34,1.7,108,4.8,124,77,Textile_Dyeing,1459,Moderate
Zone_Industrielle_Monastir,35.777,10.763,58,1.3,82,3.3,98,42,Textile_Dyeing,1009,Low
Zone_Industrielle_Monastir,35.791,10.799,112,1.6,98,9.4,124,114,Textile_Dyeing,433,Moderate
Zone_Industrielle_Monastir,35.789,10.854,192.5,7,150.5,7,504,105,Textile_Dyeing,61,High
Zone_Industrielle_Monastir,35.748,10.886,78,0.6,52,1.2,108,67,Textile_Dyeing,1134,Low
Zone_Industrielle_Monastir,35.707,10.898,75,1.8,113,3.7,125,62,Textile_Dyeing,1439,Moderate
Zone_Industrielle_Monastir,35.779,10.821,34,2.3,50,4,69,20,Textile_Dyeing,1096,Moderate
Zone_Industrielle_Monastir,35.737,10.815,136.5,6.3,273,12.95,322,210,Textile_Dyeing,73,High
Zone_Industrielle_Monastir,35.769,10.8,62,1.2,76,2.6,102,22,Washing_Plant,1166,Low
Zone_Industrielle_Monastir,35.75,10.899,80,2.6,110,7.4,246,82,Washing_Plant,308,Moderate
Zone_Industrielle_Monastir,35.768,10.782,92,2.4,190,3.4,150,178,Washing_Plant,247,Moderate
Zone_Industrielle_Monastir,35.773,10.819,45,2,35,2.6,131,54,Textile_Dyeing,727,Low
Zone_Industrielle_Monastir,35.7,10.764,78,4,104,9.4,282,40,Washing_Plant,234,Moderate
Zone_Industrielle_Monastir,35.762,10.868,77,0.9,47,2.3,74,77,Washing_Plant,986,Low
Zone_Industrielle_Monastir,35.729,10.849,72,4.2,198,9.8,110,56,Washing_Plant,387,Moderate
Zone_Industrielle_Monastir,35.797,10.759,150.5,8.05,416.5,7.7,423.5,311.5,Textile_Dyeing,60,High
Zone_Industrielle_Monastir,35.709,10.84,69,2.2,49,1.5,59,21,Washing_Plant,552,Moderate
Zone_Industrielle_Monastir,35.772,10.879,150.5,7.7,308,16.1,479.5,217,Washing_Plant,106,High
Zone_Industrielle_Monastir,35.798,10.845,68,1.9,92,3.1,121,77,Textile_Dyeing,861,Low
Zone_Industrielle_Monastir,35.72,10.838,78,4,178,6.6,166,62,Textile_Dyeing,325,Moderate
Zone_Industrielle_Monastir,35.773,10.842,266,5.25,220.5,10.15,315,238,Textile_Dyeing,96,High
Zone_Industrielle_Monastir,35.758,10.858,273,1.75,143.5,12.6,154,73.5,Washing_Plant,56,High
Zone_Industrielle_Monastir,35.744,10.785,36,1.6,45,4.6,58,49,Washing_Plant,564,Low
Zone_Industrielle_Monastir,35.701,10.79,118,3.8,168,7.6,290,100,Textile_Dyeing,389,Moderate
Zone_Industrielle_Monastir,35.771,10.762,108,3.2,138,9.6,178,102,Textile_Dyeing,331,Moderate
Zone_Industrielle_Monastir,35.728,10.837,69,2.2,115,1.5,89,86,Textile_Dyeing,977,Moderate
Zone_Industrielle_Monastir,35.751,10.813,62,0.8,46,2.6,72,51,Washing_Plant,816,Low
Zone_Industrielle_Monastir,35.708,10.875,133,7.35,290.5,10.85,483,136.5,Textile_Dyeing,196,High
Zone_Industrielle_Monastir,35.741,10.798,50,1.9,119,4,106,52,Washing_Plant,889,Moderate
Zone_Industrielle_Monastir,35.717,10.758,32,1.8,67,2.7,64,68,Textile_Dyeing,694,Low
Zone_Industrielle_Monastir,35.736,10.893,49,1.2,77,4.6,88,83,Textile_Dyeing,1076,Low
Zone_Industrielle_Monastir,35.736,10.742,42,4.4,82,3.6,258,102,Textile_Dyeing,414,Moderate
Zone_Industrielle_Monastir,35.772,10.768,66,2.2,50,4,73,47,Textile_Dyeing,715,Moderate
Zone_Industrielle_Monastir,35.718,10.842,64,1.6,142,3,238,140,Washing_Plant,246,Moderate
Zone_Industrielle_Monastir,35.791,10.779,47,1.1,90,3.6,123,71,Washing_Plant,548,Low
Zone_Industrielle_Monastir,35.725,10.741,41,2.3,52,4.4,99,65,Washing_Plant,604,Moderate
Zone_Industrielle_Monastir,35.761,10.711,30,2.3,52,4.1,139,58,Textile_Dyeing,714,Moderate
Zone_Industrielle_Monastir,35.779,10.798,77,4.55,287,7,497,297.5,Textile_Dyeing,50,High
Zone_Industrielle_Monastir,35.719,10.826,76,1.6,72,2.9,82,24,Washing_Plant,1243,Low
Zone_Industrielle_Monastir,35.779,10.771,39,2.1,64,4.5,123,44,Textile_Dyeing,1140,Moderate
Zone_Industrielle_Monastir,35.713,10.752,101.5,5.25,416.5,6.3,196,178.5,Textile_Dyeing,187,High
Zone_Industrielle_Monastir,35.735,10.77,55,1.4,62,1.7,125,85,Textile_Dyeing,509,Low
Zone_Industrielle_Monastir,35.72,10.716,20,1.9,116,3.4,97,33,Textile_Dyeing,869,Moderate
Zone_Industrielle_Monastir,35.739,10.795,66,4.2,202,5.2,82,46,Textile_Dyeing,387,High
Zone_Industrielle_Monastir,35.76,10.863,62,1.4,91,1.1,101,73,Washing_Plant,591,Low
Zone_Industrielle_Monastir,35.777,10.793,57,0.7,34,1.6,94,76,Washing_Plant,1237,Low
Zone_Industrielle_Monastir,35.784,10.828,44,1.1,108,3.3,72,40,Textile_Dyeing,817,Moderate
Zone_Industrielle_Monastir,35.716,10.715,30,0.6,104,3.4,146,54,Textile_Dyeing,689,Moderate
Zone_Industrielle_Monastir,35.771,10.788,62,1.9,52,2.3,93,82,Textile_Dyeing,1259,Low
Zone_Industrielle_Monastir,35.734,10.737,70,0.9,84,4.4,76,54,Washing_Plant,1261,Low
Zone_Industrielle_Monastir,35.771,10.863,67,0.8,74,1.6,136,52,Textile_Dyeing,605,Low
Zone_Industrielle_Monastir,35.717,10.707,23,0.9,74,4.6,61,63,Textile_Dyeing,1449,Low
Zone_Industrielle_Monastir,35.789,10.872,44,1.7,94,1.3,129,26,Textile_Dyeing,1237,Low
Zone_Industrielle_Monastir,35.726,10.837,25,0.5,118,4.2,92,73,Textile_Dyeing,703,Moderate
Zone_Industrielle_Monastir,35.724,10.797,74,2.6,184,3.8,262,154,Washing_Plant,213,Moderate
Zone_Industrielle_Monastir,35.743,10.871,71,0.7,104,4.3,57,20,Washing_Plant,844,Moderate
Zone_Industrielle_Monastir,35.717,10.839,71,1.2,60,1.3,52,41,Textile_Dyeing,1223,Low
Zone_Industrielle_Monastir,35.772,10.854,56,0.5,110,1.3,143,66,Textile_Dyeing,1370,Moderate
Zone_Industrielle_Monastir,35.75,10.735,92,2.8,60,2.4,282,118,Textile_Dyeing,412,Moderate
Zone_Industrielle_Monastir,35.719,10.818,60,2.2,74,4.1,60,32,Washing_Plant,856,Moderate
Zone_Industrielle_Monastir,35.784,10.852,21,1.5,91,2.7,44,51,Washing_Plant,627,Low
Zone_Industrielle_Monastir,35.765,10.73,68,1.3,56,3.1,102,37,Washing_Plant,1028,Low
Zone_Industrielle_Monastir,35.79,10.749,42,0.8,109,4.3,76,86,Washing_Plant,1231,Moderate
Zone_Industrielle_Monastir,35.748,10.872,63,0.9,72,2.5,144,86,Washing_Plant,1128,Low
Zone_Industrielle_Monastir,35.78,10.894,47,0.6,69,1.5,87,78,Washing_Plant,1091,Low
Zone_Industrielle_Monastir,35.721,10.843,102,4.6,198,2.6,178,158,Textile_Dyeing,259,Moderate
Zone_Industrielle_Monastir,35.791,10.835,65,2.1,109,1.8,130,20,Washing_Plant,702,Moderate
Zone_Industrielle_Monastir,35.745,10.857,59,1.8,67,1.3,141,58,Textile_Dyeing,682,Low
Zone_Industrielle_Monastir,35.78,10.749,154,1.4,198,2,258,60,Washing_Plant,373,High
Zone_Industrielle_Monastir,35.714,10.88,78,0.6,60,2,100,21,Textile_Dyeing,668,Low
Zone_Industrielle_Monastir,35.718,10.778,28,1.8,103,3.8,139,46,Textile_Dyeing,1323,Moderate
Zone_Industrielle_Monastir,35.751,10.768,276.5,4.9,409.5,6.65,182,98,Textile_Dyeing,190,High
Zone_Industrielle_Monastir,35.701,10.827,220.5,5.95,346.5,16.8,518,133,Textile_Dyeing,94,High
Zone_Industrielle_Monastir,35.773,10.749,45,2.4,94,3.6,137,84,Washing_Plant,1208,Moderate
Zone_Industrielle_Monastir,35.738,10.765,112,2.4,70,8.8,152,116,Textile_Dyeing,272,Moderate
Zone_Industrielle_Monastir,35.759,10.858,22,1.1,104,3.4,123,67,Washing_Plant,1077,Moderate
Zone_Industrielle_Monastir,35.738,10.823,47,1.5,109,2,122,74,Textile_Dyeing,674,Moderate
Zone_Industrielle_Monastir,35.719,10.808,74,2.1,40,2,67,46,Washing_Plant,501,Moderate
Zone_Industrielle_Monastir,35.707,10.786,57,2.4,100,1,97,70,Textile_Dyeing,869,Moderate
Zone_Industrielle_Monastir,35.765,10.746,33,1,88,1.5,127,39,Textile_Dyeing,908,Low
Zone_Industrielle_Monastir,35.79,10.875,50,2.3,104,2.9,132,86,Washing_Plant,1164,Moderate
Zone_Industrielle_Monastir,35.77,10.792,69,1.1,58,2.8,149,50,Textile_Dyeing,1394,Low
Zone_Industrielle_Monastir,35.791,10.874,49,0.6,38,2.7,94,67,Washing_Plant,1383,Low
Zone_Industrielle_Monastir,35.775,10.879,31,2.2,78,3.4,148,56,Washing_Plant,647,Moderate
Zone_Industrielle_Monastir,35.788,10.861,53,2.2,95,2.9,51,77,Textile_Dyeing,975,Moderate
Zone_Industrielle_Monastir,35.76,10.856,34,2,105,2.7,105,61,Textile_Dyeing,541,Moderate
Zone_Industrielle_Monastir,35.762,10.837,44,1.8,100,3.8,70,78,Textile_Dyeing,1416,Low
Zone_Industrielle_Monastir,35.73,10.821,25,0.5,108,2.8,134,45,Textile_Dyeing,841,Moderate
Zone_Industrielle_Monastir,35.772,10.893,51,2.3,63,2.3,103,35,Textile_Dyeing,517,Moderate
Zone_Industrielle_Monastir,35.71,10.793,45,1.2,105,3.8,147,65,Textile_Dyeing,641,Moderate
Zone_Industrielle_Monastir,35.764,10.806,72,2.4,188,6.2,88,136,Washing_Plant,365,Moderate
Zone_Industrielle_Monastir,35.738,10.714,276.5,7.7,322,8.75,269.5,154,Washing_Plant,181,High
Zone_Industrielle_Monastir,35.742,10.83,43,1.7,61,4.9,49,80,Washing_Plant,1275,Low
Zone_Industrielle_Monastir,35.728,10.804,80.5,2.8,308,5.25,178.5,220.5,Textile_Dyeing,108,High
Zone_Industrielle_Monastir,35.721,10.757,154,3,178,3.6,254,104,Washing_Plant,219,High
Zone_Industrielle_Monastir,35.727,10.866,220.5,1.75,154,14.7,493.5,266,Washing_Plant,48,High
Zone_Industrielle_Monastir,35.738,10.745,79,1.3,77,4.6,41,47,Washing_Plant,578,Low
Zone_Industrielle_Monastir,35.731,10.856,64,2.4,83,3.4,88,41,Textile_Dyeing,1314,Moderate
Zone_Industrielle_Monastir,35.715,10.715,70,2.45,325.5,8.75,500.5,105,Textile_Dyeing,20,High
Zone_Industrielle_Monastir,35.766,10.831,69,1.5,54,3.2,116,20,Textile_Dyeing,1107,Low
Zone_Industrielle_Monastir,35.763,10.76,25,0.5,92,2.4,100,31,Washing_Plant,630,Low
Zone_Industrielle_Monastir,35.717,10.701,70,1.3,43,1.6,49,42,Textile_Dyeing,557,Low
Zone_Industrielle_Monastir,35.717,10.713,44,2.8,124,3,166,90,Washing_Plant,236,Moderate
Zone_Industrielle_Monastir,35.789,10.805,55,1.7,56,4,51,81,Washing_Plant,1495,Low
Zone_Industrielle_Monastir,35.711,10.74,68,1.6,48,3.5,147,51,Textile_Dyeing,1162,Low
Zone_Industrielle_Monastir,35.785,10.88,217,5.25,164.5,14.7,273,189,Textile_Dyeing,34,High
Zone_Industrielle_Monastir,35.769,10.759,45,1.9,105,1.1,90,54,Textile_Dyeing,1241,Moderate
Zone_Industrielle_Monastir,35.736,10.873,76,1.7,51,4.8,76,41,Washing_Plant,849,Low
Zone_Industrielle_Monastir,35.765,10.882,33,2,77,3,97,40,Textile_Dyeing,1122,Low
Zone_Industrielle_Monastir,35.776,10.7,62,0.8,87,3,116,84,Washing_Plant,974,Low
Zone_Industrielle_Monastir,35.747,10.875,36,2,65,1.9,113,70,Washing_Plant,884,Low
Zone_Industrielle_Monastir,35.744,10.726,52,1.2,102,4.8,123,20,Washing_Plant,696,Moderate
Zone_Industrielle_Monastir,35.738,10.737,71,2.3,43,1.5,121,67,Textile_Dyeing,601,Moderate
Zone_Industrielle_Monastir,35.755,10.868,71,0.8,105,3.7,140,77,Textile_Dyeing,673,Moderate
Zone_Industrielle_Monastir,35.716,10.856,50,1,103,2.6,124,67,Textile_Dyeing,1134,Moderate
Zone_Industrielle_Monastir,35.705,10.873,60,1.3,50,3,149,34,Washing_Plant,655,Low
Zone_Industrielle_Monastir,35.763,10.716,35,1.7,45,2.5,60,72,Textile_Dyeing,560,Low
Zone_Industrielle_Monastir,35.72,10.731,140,2,144,8,216,86,Washing_Plant,485,Moderate
Zone_Industrielle_Monastir,35.779,10.792,276.5,5.6,122.5,7.7,150.5,280,Textile_Dyeing,55,High
Zone_Industrielle_Monastir,35.778,10.834,48,1,80,4.6,108,92,Textile_Dyeing,206,Low
Zone_Industrielle_Monastir,35.772,10.811,82,2,176,2,174,44,Textile_Dyeing,398,Moderate
Zone_Industrielle_Monastir,35.755,10.768,43,0.5,51,4.4,56,23,Washing_Plant,942,Low
Zone_Industrielle_Monastir,35.723,10.896,45,0.8,103,1.8,128,35,Textile_Dyeing,816,Moderate
Zone_Industrielle_Monastir,35.789,10.869,88,2.6,122,8,204,130,Washing_Plant,489,Moderate
Zone_Industrielle_Monastir,35.728,10.738,33,2.1,110,4.3,52,35,Textile_Dyeing,1460,Moderate
Zone_Industrielle_Monastir,35.748,10.769,27,1.9,42,1,127,38,Textile_Dyeing,877,Low
Zone_Industrielle_Monastir,35.712,10.727,66,2,111,3.1,64,49,Textile_Dyeing,869,Moderate
Zone_Industrielle_Monastir,35.724,10.888,63,1.4,70,4.5,69,37,Washing_Plant,937,Low
Zone_Industrielle_Monastir,35.781,10.892,64,2,64,3.8,55,43,Washing_Plant,820,Low
Zone_Industrielle_Monastir,35.757,10.711,78,1.3,114,3.6,107,69,Washing_Plant,754,Moderate
Zone_Industrielle_Monastir,35.732,10.754,55,2.4,74,3.8,69,30,Washing_Plant,1209,Moderate
Zone_Industrielle_Monastir,35.718,10.759,28,1.7,104,3,57,50,Textile_Dyeing,1301,Moderate
Zone_Industrielle_Monastir,35.754,10.877,37,2.1,67,4,134,40,Washing_Plant,1211,Moderate
Zone_Industrielle_Monastir,35.739,10.782,34,1.7,49,3.4,113,50,Textile_Dyeing,1328,Low
Zone_Industrielle_Monastir,35.701,10.798,21,1,64,1.2,66,44,Textile_Dyeing,1147,Low
Zone_Industrielle_Monastir,35.773,10.837,47,1.7,59,4.4,54,75,Textile_Dyeing,1446,Low
Zone_Industrielle_Monastir,35.714,10.825,44,1.7,30,2.4,62,69,Textile_Dyeing,963,Low
Zone_Industrielle_Monastir,35.746,10.849,199.5,7.7,290.5,9.8,154,199.5,Washing_Plant,116,High
Zone_Industrielle_Monastir,35.717,10.754,84,4.6,136,4,158,40,Textile_Dyeing,300,Moderate
Zone_Industrielle_Monastir,35.792,10.881,69,1.8,54,3.3,69,24,Washing_Plant,1335,Low
Zone_Industrielle_Monastir,35.731,10.737,70,2.3,66,2.6,63,53,Textile_Dyeing,861,Moderate
Zone_Industrielle_Monastir,35.768,10.836,31,1.6,35,4,62,89,Textile_Dyeing,617,Low
Zone_Industrielle_Monastir,35.736,10.78,72,0.5,38,1.9,69,61,Washing_Plant,967,Low
Zone_Industrielle_Monastir,35.749,10.87,63,1.9,75,4.5,105,70,Textile_Dyeing,1417,Low
Zone_Industrielle_Monastir,35.786,10.811,48,2.2,41,4.6,82,72,Textile_Dyeing,921,Moderate
Zone_Industrielle_Monastir,35.706,10.855,61,1.2,35,2.9,116,42,Textile_Dyeing,1278,Low
Zone_Industrielle_Monastir,35.772,10.888,40,1,73,3.2,86,66,Textile_Dyeing,1126,Low
Zone_Industrielle_Monastir,35.794,10.844,40,1,99,2.1,66,36,Textile_Dyeing,1379,Low
Zone_Industrielle_Monastir,35.758,10.72,38,2.4,45,1.7,115,46,Textile_Dyeing,1422,Moderate
Zone_Industrielle_Monastir,35.7,10.872,24,2.3,109,3.3,93,46,Washing_Plant,880,Moderate
Zone_Industrielle_Monastir,35.762,10.763,67,2,70,3.3,104,25,Washing_Plant,1352,Low
Zone_Industrielle_Monastir,35.774,10.716,45,2.3,113,1.4,109,50,Textile_Dyeing,1020,Moderate
Zone_Industrielle_Monastir,35.703,10.899,33,1.3,58,2.2,100,48,Textile_Dyeing,1467,Low
Zone_Industrielle_Monastir,35.747,10.727,276.5,8.05,276.5,12.6,269.5,199.5,Washing_Plant,90,High
Zone_Industrielle_Monastir,35.748,10.811,33,1.9,48,2.1,64,27,Textile_Dyeing,1236,Low
Zone_Industrielle_Monastir,35.78,10.768,46,3.2,82,3.8,150,114,Washing_Plant,398,Moderate
Zone_Industrielle_Monastir,35.722,10.854,73.5,6.65,329,13.3,318.5,273,Textile_Dyeing,89,High
Zone_Industrielle_Monastir,35.787,10.88,206.5,2.45,220.5,5.6,308,269.5,Textile_Dyeing,192,High
Zone_Industrielle_Monastir,35.797,10.755,32,1.2,84,2.5,100,29,Washing_Plant,1186,Low
Zone_Industrielle_Monastir,35.759,10.882,68,1.1,81,1,52,53,Washing_Plant,1219,Low
Zone_Industrielle_Monastir,35.741,10.773,54,2,168,7.4,214,172,Textile_Dyeing,443,Moderate
Zone_Industrielle_Monastir,35.791,10.868,75,1,59,1.1,115,28,Washing_Plant,1496,Low
Zone_Industrielle_Monastir,35.757,10.727,67,0.6,30,4.2,130,65,Textile_Dyeing,879,Low
Zone_Industrielle_Monastir,35.789,10.891,78,1.4,61,2.1,130,83,Washing_Plant,1001,Low
Zone_Industrielle_Monastir,35.79,10.803,47,1.7,114,3.9,110,71,Washing_Plant,759,Moderate
Zone_Industrielle_Monastir,35.746,10.792,39,2,93,1.2,148,29,Textile_Dyeing,1078,Low
Zone_Industrielle_Monastir,35.702,10.753,37,1,85,3.9,141,53,Textile_Dyeing,611,Low
Zone_Industrielle_Monastir,35.731,10.814,32,1.2,34,4.2,127,84,Washing_Plant,1125,Low
Zone_Industrielle_Monastir,35.748,10.78,69,1.4,40,4.7,80,26,Textile_Dyeing,1042,Low
Zone_Industrielle_Monastir,35.774,10.896,47,2.1,114,1.9,84,70,Washing_Plant,1439,Moderate
Zone_Industrielle_Monastir,35.757,10.767,77,0.6,39,1,81,45,Washing_Plant,1393,Low
Zone_Industrielle_Monastir,35.74,10.717,52,4.6,178,4.2,290,128,Textile_Dyeing,484,Moderate
Zone_Industrielle_Monastir,35.722,10.85,245,7.7,315,13.65,199.5,126,Textile_Dyeing,154,High
Zone_Industrielle_Monastir,35.765,10.882,26,1.1,64,3,62,60,Textile_Dyeing,1424,Low
Zone_Industrielle_Monastir,35.732,10.832,238,4.2,406,8.05,371,238,Washing_Plant,57,High
Zone_Industrielle_Monastir,35.79,10.8,21,1.8,89,3.4,54,56,Textile_Dyeing,1363,Low
Zone_Industrielle_Monastir,35.745,10.86,92,1.8,88,3.4,178,86,Washing_Plant,284,Moderate
Zone_Industrielle_Monastir,35.752,10.791,61,0.7,109,2.3,101,63,Textile_Dyeing,505,Moderate
Zone_Industrielle_Monastir,35.773,10.893,61,2.1,79,1.6,111,45,Washing_Plant,1165,Moderate
Zone_Industrielle_Monastir,35.756,10.773,63,2.4,87,4.8,135,61,Washing_Plant,1305,Moderate
Zone_Industrielle_Monastir,35.715,10.709,62,4.8,210,4.2,82,170,Washing_Plant,401,High
Zone_Industrielle_Monastir,35.721,10.849,154,3.8,170,7.6,138,152,Textile_Dyeing,295,High
Zone_Industrielle_Monastir,35.792,10.824,63,1.4,33,1,78,88,Washing_Plant,1236,Low
Zone_Industrielle_Monastir,35.794,10.765,70,1.3,52,3.6,40,65,Textile_Dyeing,708,Low
Zone_Industrielle_Monastir,35.705,10.846,77,0.6,71,3.1,115,42,Washing_Plant,918,Low
Zone_Industrielle_Monastir,35.787,10.764,50,1.4,96,3.7,101,77,Textile_Dyeing,575,Low
Zone_Industrielle_Monastir,35.73,10.705,21,1.1,83,3.1,131,75,Washing_Plant,1252,Low
Zone_Industrielle_Monastir,35.779,10.734,44,1,106,2.5,82,69,Textile_Dyeing,538,Moderate
Zone_Industrielle_Monastir,35.71,10.718,136.5,4.2,364,10.5,297.5,280,Washing_Plant,153,High
Zone_Industrielle_Monastir,35.757,10.864,26,1.9,106,1,99,22,Washing_Plant,1221,Moderate
Zone_Industrielle_Monastir,35.703,10.755,40,2.2,39,1.1,107,70,Textile_Dyeing,739,Moderate
Zone_Industrielle_Monastir,35.791,10.859,241.5,5.6,381.5,6.65,273,147,Washing_Plant,139,High
Zone_Industrielle_Monastir,35.786,10.871,55,2.2,91,1.1,89,40,Washing_Plant,1432,Moderate
Zone_Industrielle_Monastir,35.784,10.751,55,2.2,91,3,128,44,Textile_Dyeing,1358,Moderate
Zone_Industrielle_Monastir,35.763,10.889,50,1.8,33,2.3,61,55,Textile_Dyeing,561,Low
Zone_Industrielle_Monastir,35.714,10.87,47,1.5,56,4.9,96,44,Washing_Plant,1128,Low
Zone_Industrielle_Monastir,35.714,10.884,21,2.2,105,4.6,60,28,Washing_Plant,726,Moderate
Zone_Industrielle_Monastir,35.796,10.843,74,0.9,77,4.9,128,61,Textile_Dyeing,500,Low
Zone_Industrielle_Monastir,35.785,10.89,71,1,40,4.4,116,86,Washing_Plant,589,Low
Zone_Industrielle_Monastir,35.748,10.736,79,1,94,3,48,52,Textile_Dyeing,902,Low
Zone_Industrielle_Monastir,35.708,10.863,82,3.2,74,5.4,182,126,Washing_Plant,388,Moderate
Zone_Industrielle_Monastir,35.759,10.768,36,0.6,38,1.8,97,30,Washing_Plant,1080,Low
Zone_Industrielle_Monastir,35.719,10.822,206.5,1.75,329,5.25,381.5,224,Textile_Dyeing,82,High
Zone_Industrielle_Monastir,35.712,10.716,44,2.6,78,6.2,176,52,Washing_Plant,422,Moderate
Zone_Industrielle_Monastir,35.702,10.705,48,1.4,37,3.3,96,56,Textile_Dyeing,554,Low
Zone_Industrielle_Monastir,35.724,10.893,34,1.9,67,1.1,142,82,Textile_Dyeing,1159,Low
Zone_Industrielle_Monastir,35.796,10.8,44,3,178,7.6,144,80,Textile_Dyeing,265,Moderate
Zone_Industrielle_Monastir,35.793,10.88,45,2,55,2.5,89,48,Textile_Dyeing,1311,Low
Zone_Industrielle_Monastir,35.79,10.8,47,1.9,114,4.1,78,38,Washing_Plant,634,Moderate
Zone_Industrielle_Monastir,35.717,10.855,63,2.2,103,2.5,74,73,Washing_Plant,1294,Moderate
Zone_Industrielle_Monastir,35.79,10.766,40,1.4,88,3.2,115,63,Textile_Dyeing,1035,Low
Zone_Industrielle_Monastir,35.778,10.834,37,1.3,115,1.4,47,63,Textile_Dyeing,697,Moderate
Zone_Industrielle_Monastir,35.752,10.732,69,2.2,85,3.9,132,88,Textile_Dyeing,677,Moderate
Zone_Industrielle_Monastir,35.72,10.741,78,1.8,110,4.4,264,152,Textile_Dyeing,318,Moderate
Zone_Industrielle_Monastir,35.771,10.751,120,4.6,98,6.4,126,110,Textile_Dyeing,227,Moderate
Zone_Industrielle_Monastir,35.794,10.829,199.5,3.5,388.5,5.6,164.5,94.5,Textile_Dyeing,142,High
Zone_Industrielle_Monastir,35.733,10.701,31,2.2,98,4.5,140,44,Textile_Dyeing,1198,Moderate
Zone_Industrielle_Monastir,35.752,10.853,62,0.8,96,1.2,87,72,Textile_Dyeing,809,Low
Zone_Industrielle_Monastir,35.756,10.717,44,0.9,32,2.8,121,42,Textile_Dyeing,1446,Low
Zone_Industrielle_Monastir,35.764,10.754,108,3.8,186,8,290,64,Textile_Dyeing,488,Moderate
Zone_Industrielle_Monastir,35.759,10.818,72,2.2,154,7.2,202,76,Textile_Dyeing,283,Moderate
Zone_Industrielle_Monastir,35.723,10.878,70,0.9,119,1.9,103,64,Textile_Dyeing,1351,Moderate
Zone_Industrielle_Monastir,35.755,10.836,74,1.2,58,2.3,73,82,Textile_Dyeing,881,Low
Zone_Industrielle_Monastir,35.751,10.704,72,1.1,40,4.2,87,76,Washing_Plant,680,Low
Zone_Industrielle_Monastir,35.799,10.894,63,1.1,84,4.7,125,46,Washing_Plant,580,Low
Zone_Industrielle_Monastir,35.7,10.848,22,0.6,47,1.4,114,43,Textile_Dyeing,552,Low
Zone_Industrielle_Monastir,35.705,10.792,59,1.2,42,2,102,24,Textile_Dyeing,966,Low
Zone_Industrielle_Monastir,35.714,10.856,22,1.6,89,1.7,65,53,Washing_Plant,500,Low
Zone_Industrielle_Monastir,35.798,10.844,52,2.1,72,4.6,84,48,Washing_Plant,1239,Moderate
Zone_Industrielle_Monastir,35.785,10.781,102,2.4,186,9.8,160,156,Washing_Plant,499,Moderate
Zone_Industrielle_Monastir,35.778,10.804,42,2,36,4.6,50,68,Textile_Dyeing,1371,Low
Zone_Industrielle_Monastir,35.786,10.871,39,2.4,64,1.5,137,76,Textile_Dyeing,1237,Moderate
Zone_Industrielle_Monastir,35.786,10.812,128,4.8,202,6.6,200,92,Textile_Dyeing,482,High
Zone_Industrielle_Monastir,35.709,10.887,39,1.6,34,2.9,74,29,Textile_Dyeing,1191,Low
Zone_Industrielle_Monastir,35.718,10.832,47,1.9,44,4.6,74,89,Washing_Plant,622,Low
Zone_Industrielle_Monastir,35.709,10.761,20,0.6,79,1.4,87,34,Washing_Plant,1325,Low
Zone_Industrielle_Monastir,35.749,10.764,48,2,116,4.4,144,85,Washing_Plant,550,Moderate
Zone_Industrielle_Monastir,35.765,10.877,49,0.6,108,1.9,83,84,Washing_Plant,731,Moderate
Zone_Industrielle_Monastir,35.772,10.87,199.5,3.15,196,14.35,451.5,80.5,Washing_Plant,81,High
Zone_Industrielle_Monastir,35.765,10.705,79,1.8,69,1,138,85,Textile_Dyeing,687,Low
Zone_Industrielle_Monastir,35.717,10.754,88,4.6,202,8.8,128,52,Washing_Plant,484,High
Zone_Industrielle_Monastir,35.758,10.892,21,1.6,63,2.2,135,41,Textile_Dyeing,1156,Low
Zone_Industrielle_Monastir,35.743,10.817,53,0.5,73,4.1,87,37,Textile_Dyeing,1158,Low
Zone_Industrielle_Monastir,35.792,10.821,74,1.1,97,3.2,70,85,Textile_Dyeing,530,Low
Zone_Industrielle_Monastir,35.756,10.83,30,1.2,106,3.5,107,38,Washing_Plant,1307,Moderate
Zone_Industrielle_Monastir,35.701,10.879,26,1.1,56,4.6,48,56,Washing_Plant,1397,Low
Zone_Industrielle_Monastir,35.734,10.841,146,2.8,212,3.8,142,128,Washing_Plant,235,High
Zone_Industrielle_Monastir,35.742,10.875,126,4.4,150,8.6,84,164,Washing_Plant,428,Moderate
Zone_Industrielle_Monastir,35.755,10.802,120,3,190,3.6,260,168,Textile_Dyeing,316,Moderate
Zone_Industrielle_Monastir,35.73,10.75,54,0.7,92,4.2,126,25,Textile_Dyeing,793,Low
Zone_Industrielle_Monastir,35.749,10.796,108,3.6,112,2.2,112,118,Washing_Plant,285,Moderate
Zone_Industrielle_Monastir,35.774,10.812,31,2,89,4.1,133,29,Textile_Dyeing,737,Low
Zone_Industrielle_Monastir,35.764,10.721,45,1.4,107,4.3,93,51,Textile_Dyeing,808,Moderate
Zone_Industrielle_Monastir,35.736,10.865,43,2.3,89,2.1,96,38,Textile_Dyeing,1300,Moderate
Zone_Industrielle_Monastir,35.775,10.724,101.5,3.5,119,5.95,318.5,283.5,Textile_Dyeing,133,Moderate
Zone_Industrielle_Monastir,35.739,10.765,45,1.9,52,3.2,130,86,Textile_Dyeing,1195,Low
Zone_Industrielle_Monastir,35.793,10.716,74,0.8,95,3.3,58,47,Textile_Dyeing,1151,Low
Zone_Industrielle_Monastir,35.702,10.733,234.5,1.75,133,7.7,241.5,287,Washing_Plant,132,High
Zone_Industrielle_Monastir,35.734,10.85,84,2.8,190,4.4,250,138,Washing_Plant,387,Moderate
Zone_Industrielle_Monastir,35.735,10.76,37,2.1,84,1.1,135,40,Washing_Plant,899,Moderate
Zone_Industrielle_Monastir,35.72,10.809,144,2,86,6,146,124,Washing_Plant,212,Moderate
Zone_Industrielle_Monastir,35.777,10.726,98,8.4,189,14.35,462,80.5,Washing_Plant,173,High
Zone_Industrielle_Monastir,35.798,10.766,203,3.15,304.5,14,220.5,185.5,Textile_Dyeing,165,High
Zone_Industrielle_Monastir,35.728,10.778,108,4,198,3.4,204,46,Textile_Dyeing,359,Moderate
Zone_Industrielle_Monastir,35.767,10.84,94,4,132,7.2,108,104,Washing_Plant,466,Moderate
Zone_Industrielle_Monastir,35.756,10.86,62,1.2,56,4.5,131,74,Textile_Dyeing,1211,Low
Zone_Industrielle_Monastir,35.732,10.73,62,0.6,109,1.7,44,80,Textile_Dyeing,632,Moderate
Zone_Industrielle_Monastir,35.741,10.705,150.5,5.95,150.5,5.25,192.5,105,Washing_Plant,184,High
Zone_Industrielle_Monastir,35.737,10.733,30,1.7,77,1.2,44,64,Washing_Plant,722,Low
Zone_Industrielle_Monastir,35.711,10.824,77,2.2,41,3.3,106,59,Washing_Plant,1302,Moderate
Zone_Industrielle_Monastir,35.7,10.73,58,2.3,102,2.3,114,84,Textile_Dyeing,586,Moderate
Zone_Industrielle_Monastir,35.7,10.838,36,2,102,1.9,68,78,Washing_Plant,1356,Moderate
Zone_Industrielle_Monastir,35.702,10.838,45,0.9,42,3.1,66,67,Textile_Dyeing,1009,Low
Zone_Industrielle_Monastir,35.72,10.721,50,0.9,88,3.3,128,49,Textile_Dyeing,850,Low
Zone_Industrielle_Monastir,35.707,10.851,106,1.4,192,3.2,220,42,Textile_Dyeing,236,Moderate
Zone_Industrielle_Monastir,35.701,10.864,98,1.4,126,5.8,234,76,Textile_Dyeing,312,Moderate
Zone_Industrielle_Monastir,35.723,10.873,56,1.8,38,2.9,135,61,Textile_Dyeing,1171,Low
Zone_Industrielle_Monastir,35.736,10.729,54,1.7,113,3.4,122,50,Textile_Dyeing,1267,Moderate
Zone_Industrielle_Monastir,35.724,10.897,21,0.9,107,1.4,123,68,Textile_Dyeing,1075,Moderate
Zone_Industrielle_Monastir,35.723,10.703,25,1.2,100,4.3,80,41,Washing_Plant,533,Low
Zone_Industrielle_Monastir,35.7,10.845,54,0.5,95,1.9,107,47,Textile_Dyeing,955,Low
Zone_Industrielle_Monastir,35.768,10.891,132,4.8,234,4.6,102,60,Washing_Plant,473,High
Zone_Industrielle_Monastir,35.74,10.741,20,1.3,94,2.9,149,33,Washing_Plant,1429,Low
Zone_Industrielle_Monastir,35.726,10.814,157.5,2.45,346.5,3.5,339.5,210,Washing_Plant,198,High
Zone_Industrielle_Monastir,35.705,10.82,72,1.2,238,2.2,126,74,Textile_Dyeing,445,High
Zone_Industrielle_Monastir,35.708,10.798,92,1.6,154,4.4,162,110,Textile_Dyeing,429,Moderate
Zone_Industrielle_Monastir,35.728,10.706,20,1.1,92,2.3,56,40,Textile_Dyeing,1261,Low
Zone_Industrielle_Monastir,35.702,10.88,60,3.6,70,8.6,232,96,Textile_Dyeing,221,Moderate
Zone_Industrielle_Monastir,35.786,10.79,91,4.2,203,12.95,378,161,Textile_Dyeing,68,High
Zone_Industrielle_Monastir,35.712,10.856,67,1.6,40,3.9,45,32,Textile_Dyeing,983,Low
Zone_Industrielle_Monastir,35.787,10.773,61,1.4,70,1.9,112,38,Textile_Dyeing,1291,Low
Zone_Industrielle_Monastir,35.731,10.775,98,3.6,158,2.6,88,158,Washing_Plant,228,Moderate
Zone_Industrielle_Monastir,35.75,10.817,24,2.2,71,1.1,138,87,Washing_Plant,948,Moderate
Zone_Industrielle_Monastir,35.787,10.709,58,2.2,92,2.8,100,30,Textile_Dyeing,735,Moderate
Zone_Industrielle_Monastir,35.754,10.773,143.5,4.2,346.5,5.6,234.5,248.5,Washing_Plant,125,High
Zone_Industrielle_Monastir,35.707,10.704,52,1.4,204,8.4,194,78,Textile_Dyeing,269,High
Zone_Industrielle_Monastir,35.791,10.758,53,2,99,1.8,129,86,Washing_Plant,1046,Low
Zone_Industrielle_Monastir,35.744,10.881,90,2.2,162,7,288,54,Textile_Dyeing,354,Moderate
Zone_Industrielle_Monastir,35.715,10.796,269.5,2.45,115.5,15.4,420,273,Washing_Plant,30,High
Zone_Industrielle_Monastir,35.753,10.794,21,0.9,110,3.7,114,43,Textile_Dyeing,1347,Moderate
Zone_Industrielle_Monastir,35.726,10.819,52,1.6,76,4.7,98,68,Washing_Plant,794,Low
Zone_Industrielle_Monastir,35.71,10.78,144,2,128,2.4,288,70,Textile_Dyeing,378,Moderate
Zone_Industrielle_Monastir,35.759,10.766,40,2.3,31,2.9,59,81,Textile_Dyeing,1290,Moderate
Zone_Industrielle_Monastir,35.771,10.775,104,2.6,152,6.4,260,76,Washing_Plant,436,Moderate
Zone_Industrielle_Monastir,35.741,10.773,28,2.1,61,4.2,115,80,Washing_Plant,1449,Moderate
Zone_Industrielle_Monastir,35.785,10.761,64,1.6,142,9.2,172,40,Textile_Dyeing,465,Moderate
Zone_Industrielle_Monastir,35.793,10.882,41,0.5,95,2.2,63,43,Textile_Dyeing,1025,Low
Zone_Industrielle_Monastir,35.799,10.889,41,2.3,41,2.7,50,53,Textile_Dyeing,1213,Moderate
Zone_Industrielle_Monastir,35.749,10.739,63,1.2,70,3.9,132,87,Textile_Dyeing,620,Low
Zone_Industrielle_Monastir,35.722,10.837,68,0.5,40,1.9,100,26,Textile_Dyeing,517,Low
Zone_Industrielle_Monastir,35.718,10.799,78,0.6,32,4,95,43,Washing_Plant,1486,Low
Zone_Industrielle_Monastir,35.792,10.701,276.5,3.85,154,6.65,311.5,105,Washing_Plant,131,High
Zone_Industrielle_Monastir,35.73,10.763,189,4.9,385,15.4,255.5,119,Washing_Plant,174,High
Zone_Industrielle_Monastir,35.773,10.709,154,2.8,182,8.6,202,150,Textile_Dyeing,281,High
Zone_Industrielle_Monastir,35.704,10.815,185.5,6.65,199.5,17.15,430.5,150.5,Washing_Plant,118,High
Zone_Industrielle_Monastir,35.704,10.821,54,3.6,118,9.4,258,170,Textile_Dyeing,216,Moderate
Zone_Industrielle_Monastir,35.711,10.849,66,1.7,44,4.2,104,43,Textile_Dyeing,663,Low
Zone_Industrielle_Monastir,35.739,10.779,27,1.4,41,4.5,115,51,Textile_Dyeing,804,Low
Zone_Industrielle_Monastir,35.765,10.871,21,0.8,74,4.6,90,85,Textile_Dyeing,1363,Low
Zone_Industrielle_Monastir,35.76,10.828,59,0.8,98,1.6,102,87,Textile_Dyeing,936,Low
Zone_Industrielle_Monastir,35.744,10.831,130,1.8,70,6.4,266,96,Textile_Dyeing,338,Moderate
Zone_Industrielle_Monastir,35.781,10.844,37,1.8,63,3.5,94,32,Washing_Plant,789,Low
Zone_Industrielle_Monastir,35.758,10.774,114,2.8,180,3,162,62,Textile_Dyeing,255,Moderate
Zone_Industrielle_Monastir,35.771,10.851,40,2,198,8.8,138,72,Washing_Plant,245,Moderate
Zone_Industrielle_Monastir,35.734,10.713,75,0.9,100,4.8,70,89,Textile_Dyeing,832,Low
Zone_Industrielle_Monastir,35.753,10.763,60,1.8,110,3.7,66,31,Textile_Dyeing,904,Moderate
Zone_Industrielle_Monastir,35.704,10.764,48,1.4,230,7.8,152,100,Textile_Dyeing,350,High
Zone_Industrielle_Monastir,35.77,10.791,59,1.6,100,4.4,47,79,Textile_Dyeing,1217,Low
Zone_Industrielle_Monastir,35.797,10.844,84,8.05,147,3.5,402.5,269.5,Textile_Dyeing,180,High
Zone_Industrielle_Monastir,35.772,10.884,45,1.4,53,2.4,55,49,Washing_Plant,1183,Low
Zone_Industrielle_Monastir,35.776,10.703,77,1.5,98,2.9,144,34,Washing_Plant,901,Low
Zone_Industrielle_Monastir,35.742,10.898,54,1.7,51,2.2,101,52,Washing_Plant,709,Low
Zone_Industrielle_Monastir,35.725,10.767,62,1.1,65,2.1,144,34,Textile_Dyeing,1033,Low
Zone_Industrielle_Monastir,35.702,10.756,72,0.5,105,4.5,129,79,Washing_Plant,802,Moderate
Zone_Industrielle_Monastir,35.712,10.86,150,2.2,78,2,216,166,Textile_Dyeing,493,Moderate
Zone_Industrielle_Monastir,35.718,10.852,58,2.8,190,4,220,106,Textile_Dyeing,217,Moderate
Zone_Industrielle_Monastir,35.739,10.725,136.5,2.1,269.5,13.65,311.5,73.5,Textile_Dyeing,185,High
Zone_Industrielle_Monastir,35.705,10.847,158,4.4,146,9.8,138,118,Textile_Dyeing,451,High
Zone_Industrielle_Monastir,35.753,10.719,259,7,315,11.2,255.5,178.5,Textile_Dyeing,30,High
Zone_Industrielle_Monastir,35.73,10.847,37,1.5,106,3.7,124,33,Textile_Dyeing,791,Moderate
Zone_Industrielle_Monastir,35.712,10.748,62,1.6,35,3.8,49,74,Textile_Dyeing,740,Low
Zone_Industrielle_Monastir,35.791,10.805,185.5,3.5,315,4.2,325.5,283.5,Washing_Plant,82,High
Zone_Industrielle_Monastir,35.791,10.807,75,1.7,118,4.3,90,64,Textile_Dyeing,711,Moderate
Zone_Industrielle_Monastir,35.724,10.808,31,1.7,93,1.7,85,35,Textile_Dyeing,1140,Low
Zone_Industrielle_Monastir,35.752,10.747,59,2.1,81,4.9,127,88,Textile_Dyeing,790,Moderate
Zone_Industrielle_Monastir,35.756,10.882,53,1.3,106,2.9,66,26,Textile_Dyeing,526,Moderate
Zone_Industrielle_Monastir,35.741,10.711,22,1.3,59,3.3,43,25,Textile_Dyeing,1049,Low
Zone_Industrielle_Monastir,35.778,10.708,189,4.2,206.5,11.55,497,178.5,Textile_Dyeing,26,High
Zone_Industrielle_Monastir,35.724,10.776,79,2.4,36,2.2,83,36,Washing_Plant,604,Moderate
Zone_Industrielle_Monastir,35.709,10.882,59,0.8,84,4.1,112,42,Textile_Dyeing,764,Low
Zone_Industrielle_Monastir,35.768,10.885,58,4.6,224,8.6,122,178,Washing_Plant,470,High
Zone_Industrielle_Monastir,35.755,10.747,25,1.4,105,3.3,121,26,Washing_Plant,1418,Moderate
Zone_Industrielle_Monastir,35.786,10.88,66,1.6,30,3.4,52,60,Textile_Dyeing,1269,Low
Zone_Industrielle_Monastir,35.715,10.798,26,1.5,35,3.5,86,81,Washing_Plant,524,Low
Zone_Industrielle_Monastir,35.746,10.724,100,2,130,6.6,214,56,Washing_Plant,221,Moderate
Zone_Industrielle_Monastir,35.71,10.848,69,2.3,80,4.1,123,45,Textile_Dyeing,1052,Moderate
Zone_Industrielle_Monastir,35.794,10.744,42,0.7,96,1.5,78,21,Textile_Dyeing,1096,Low
Zone_Industrielle_Monastir,35.7,10.833,112,1.8,134,8.4,100,172,Textile_Dyeing,300,Moderate
Zone_Industrielle_Monastir,35.747,10.705,73,1.6,108,4,79,44,Textile_Dyeing,1037,Moderate
Zone_Industrielle_Monastir,35.755,10.781,51,1.3,62,1.6,78,82,Washing_Plant,1133,Low
Zone_Industrielle_Monastir,35.782,10.707,65,0.6,96,3.5,141,64,Textile_Dyeing,831,Low
Zone_Industrielle_Monastir,35.725,10.82,224,3.5,304.5,12.95,385,108.5,Textile_Dyeing,28,High
Zone_Industrielle_Monastir,35.713,10.869,26,1.3,97,2.7,145,21,Textile_Dyeing,1091,Low
Zone_Industrielle_Monastir,35.702,10.711,68,1.1,71,3.8,133,27,Washing_Plant,958,Low
Zone_Industrielle_Monastir,35.783,10.861,55,1.9,83,3.1,60,79,Textile_Dyeing,1218,Low
Zone_Industrielle_Monastir,35.705,10.822,130,4.4,120,8.2,216,90,Textile_Dyeing,312,Moderate
Zone_Industrielle_Monastir,35.79,10.794,24,1.6,72,3.4,53,27,Textile_Dyeing,1138,Low
Zone_Industrielle_Monastir,35.728,10.806,84,2.2,80,6.6,222,98,Textile_Dyeing,449,Moderate
Zone_Industrielle_Monastir,35.771,10.74,51,0.6,55,3,148,54,Textile_Dyeing,1102,Low
Zone_Industrielle_Monastir,35.731,10.781,51,2.1,76,4.9,73,38,Washing_Plant,1069,Moderate
Zone_Industrielle_Monastir,35.728,10.833,75,2.2,53,2,141,61,Washing_Plant,1487,Moderate
Zone_Industrielle_Monastir,35.735,10.762,34,2.1,109,4.6,104,60,Washing_Plant,1044,Moderate
Zone_Industrielle_Monastir,35.746,10.831,75,0.7,36,3.9,120,30,Washing_Plant,669,Low
Zone_Industrielle_Monastir,35.716,10.889,61,0.8,36,1.5,119,45,Textile_Dyeing,605,Low
Zone_Industrielle_Monastir,35.777,10.888,56,0.8,79,2.1,132,63,Washing_Plant,1477,Low
Zone_Industrielle_Monastir,35.777,10.846,65,1.1,49,4.8,75,88,Textile_Dyeing,538,Low
Zone_Industrielle_Monastir,35.753,10.819,147,4.9,185.5,9.45,346.5,182,Washing_Plant,119,Moderate
Zone_Industrielle_Monastir,35.764,10.852,185.5,2.45,245,12.95,150.5,185.5,Textile_Dyeing,89,High
Zone_Industrielle_Monastir,35.702,10.718,64,4.4,234,7,262,68,Textile_Dyeing,379,High
Zone_Industrielle_Monastir,35.714,10.733,154,3.15,388.5,8.75,472.5,308,Textile_Dyeing,167,High
Zone_Industrielle_Monastir,35.775,10.79,128,2.8,62,7.8,228,88,Textile_Dyeing,214,Moderate
Zone_Industrielle_Monastir,35.797,10.714,106,3,66,4.2,90,124,Textile_Dyeing,213,Moderate
Zone_Industrielle_Monastir,35.709,10.777,62,1,97,2.2,142,86,Textile_Dyeing,1275,Low
Zone_Industrielle_Monastir,35.781,10.861,34,1.5,48,1.3,50,78,Textile_Dyeing,1430,Low
Zone_Industrielle_Monastir,35.774,10.861,146,1.6,108,5.8,294,92,Washing_Plant,266,Moderate
Zone_Industrielle_Monastir,35.743,10.789,65,0.9,98,3,54,50,Washing_Plant,964,Low
Zone_Industrielle_Monastir,35.708,10.767,241.5,5.95,409.5,16.45,402.5,255.5,Washing_Plant,48,High
Zone_Industrielle_Monastir,35.749,10.896,67,0.8,44,4.5,106,72,Textile_Dyeing,1294,Low
Zone_Industrielle_Monastir,35.798,10.805,86,4.4,194,6.6,226,162,Textile_Dyeing,418,Moderate
Zone_Industrielle_Monastir,35.741,10.767,196,6.3,150.5,16.45,210,203,Washing_Plant,184,High
Zone_Industrielle_Monastir,35.708,10.871,49,1.8,53,4,127,71,Textile_Dyeing,1397,Low
Zone_Industrielle_Monastir,35.713,10.741,73.5,6.65,231,12.6,371,84,Textile_Dyeing,107,High
Zone_Industrielle_Monastir,35.715,10.857,58,1.6,30,4.5,47,67,Textile_Dyeing,1299,Low
Zone_Industrielle_Monastir,35.734,10.839,73,0.9,114,1.5,62,62,Textile_Dyeing,964,Moderate
Zone_Industrielle_Monastir,35.77,10.766,64,1.7,72,2.4,111,59,Textile_Dyeing,1209,Low
Zone_Industrielle_Monastir,35.704,10.83,22,2.3,81,1.2,119,84,Textile_Dyeing,737,Moderate
Zone_Industrielle_Monastir,35.707,10.832,138,2.4,174,8.6,150,68,Textile_Dyeing,478,Moderate
Zone_Industrielle_Monastir,35.766,10.806,106,1.2,110,8.6,166,100,Textile_Dyeing,455,Moderate
Zone_Industrielle_Monastir,35.799,10.783,71,1.5,30,3.8,144,83,Textile_Dyeing,1287,Low
Zone_Industrielle_Monastir,35.772,10.806,140,3.8,114,5,160,74,Washing_Plant,229,Moderate
Zone_Industrielle_Monastir,35.78,10.779,115.5,3.85,353.5,17.15,406,182,Textile_Dyeing,36,High
Zone_Industrielle_Monastir,35.734,10.869,39,1.5,89,2.9,116,79,Textile_Dyeing,1258,Low
Zone_Industrielle_Monastir,35.716,10.862,70,1.8,72,3.1,147,58,Textile_Dyeing,1407,Low
Zone_Industrielle_Monastir,35.749,10.745,152,3.4,188,9.8,248,102,Washing_Plant,287,High
Zone_Industrielle_Monastir,35.759,10.888,43,0.7,57,2.9,90,33,Washing_Plant,971,Low
Zone_Industrielle_Monastir,35.782,10.798,39,2.4,73,3.3,86,29,Washing_Plant,1088,Moderate
Zone_Industrielle_Monastir,35.765,10.801,54,4.4,232,8,114,68,Textile_Dyeing,342,High
Zone_Industrielle_Monastir,35.798,10.857,122.5,6.65,115.5,9.8,493.5,70,Textile_Dyeing,40,High
Zone_Industrielle_Monastir,35.726,10.853,66,1.6,61,1,56,67,Textile_Dyeing,799,Low
Zone_Industrielle_Monastir,35.764,10.746,75,1.2,94,4.7,148,23,Washing_Plant,1074,Low
Zone_Industrielle_Monastir,35.723,10.789,104,3,166,6.2,208,154,Textile_Dyeing,342,Moderate
Zone_Industrielle_Monastir,35.749,10.71,68,1.1,66,4.8,71,64,Washing_Plant,775,Low
Zone_Industrielle_Monastir,35.725,10.704,154,7.7,329,15.4,430.5,297.5,Washing_Plant,162,High
Zone_Industrielle_Monastir,35.728,10.889,47,1.4,74,4.7,55,88,Washing_Plant,1326,Low
Zone_Industrielle_Monastir,35.709,10.808,72,2,86,2.1,62,74,Washing_Plant,1100,Low
Zone_Industrielle_Monastir,35.777,10.722,20,2.2,78,4.4,80,31,Textile_Dyeing,988,Moderate
Zone_Industrielle_Monastir,35.734,10.739,40,1.4,32,2.8,92,58,Washing_Plant,808,Low
Zone_Industrielle_Monastir,35.786,10.866,42,0.9,114,3.1,84,22,Washing_Plant,986,Moderate
Zone_Industrielle_Monastir,35.771,10.862,56,1.7,111,3.6,119,27,Washing_Plant,843,Moderate
Zone_Industrielle_Monastir,35.705,10.726,56,1.2,62,2.2,61,32,Textile_Dyeing,1114,Low
Zone_Industrielle_Monastir,35.747,10.878,71,1.6,42,4.2,82,50,Textile_Dyeing,806,Low
Zone_Industrielle_Monastir,35.758,10.701,146,1.6,200,6,132,58,Textile_Dyeing,433,Moderate
Zone_Industrielle_Monastir,35.733,10.713,64,0.8,119,3.2,147,65,Textile_Dyeing,1076,Moderate
Zone_Industrielle_Monastir,35.789,10.867,41,0.5,108,3.3,44,64,Textile_Dyeing,828,Moderate
Zone_Industrielle_Monastir,35.775,10.798,46,2.2,114,4.1,52,42,Textile_Dyeing,971,Moderate
Zone_Industrielle_Monastir,35.786,10.897,40,0.9,74,1.8,129,43,Washing_Plant,1320,Low
Zone_Industrielle_Monastir,35.772,10.771,49,2.1,97,1,112,42,Textile_Dyeing,559,Moderate
Zone_Industrielle_Monastir,35.727,10.765,29,2,90,1.8,136,76,Textile_Dyeing,751,Low
Zone_Industrielle_Monastir,35.713,10.73,118,1.2,136,3.6,224,116,Textile_Dyeing,204,Moderate
Zone_Industrielle_Monastir,35.727,10.812,68,1,84,1.7,69,35,Washing_Plant,1476,Low
Zone_Industrielle_Monastir,35.799,10.798,29,2,48,1,59,87,Washing_Plant,1453,Low
Zone_Industrielle_Monastir,35.752,10.768,234.5,6.65,136.5,17.15,294,311.5,Textile_Dyeing,188,High
Zone_Industrielle_Monastir,35.749,10.729,80,1.2,74,2.2,224,174,Textile_Dyeing,392,Low
Zone_Industrielle_Monastir,35.795,10.883,52,2.2,75,1.6,43,51,Textile_Dyeing,1493,Moderate
Zone_Industrielle_Monastir,35.726,10.851,40,1.3,89,2.9,143,39,Textile_Dyeing,761,Low
Zone_Industrielle_Monastir,35.786,10.836,48,2.6,184,5.4,140,168,Washing_Plant,254,Moderate
Zone_Industrielle_Monastir,35.773,10.78,22,2,72,1.6,95,45,Textile_Dyeing,1321,Low
Zone_Industrielle_Monastir,35.703,10.725,63,1.5,66,1.8,61,72,Washing_Plant,1045,Low
Zone_Industrielle_Monastir,35.708,10.888,152,2.2,116,5.2,248,88,Textile_Dyeing,359,High
Zone_Industrielle_Monastir,35.784,10.731,47,2.2,94,1.4,87,63,Washing_Plant,1489,Moderate
Zone_Industrielle_Monastir,35.742,10.884,39,2.1,89,4.7,49,72,Textile_Dyeing,976,Moderate
Zone_Industrielle_Monastir,35.767,10.787,59,0.6,81,1.7,99,89,Textile_Dyeing,900,Low
Zone_Industrielle_Monastir,35.734,10.871,138,4.8,82,6.6,246,92,Washing_Plant,276,Moderate
Zone_Industrielle_Monastir,35.782,10.76,72,4.4,196,9.4,158,58,Washing_Plant,398,Moderate
Zone_Industrielle_Monastir,35.733,10.779,79,1.7,85,1.3,117,23,Washing_Plant,794,Low
Zone_Industrielle_Monastir,35.759,10.714,21,1.4,109,1,73,34,Washing_Plant,540,Moderate
Zone_Industrielle_Monastir,35.723,10.895,44,1.6,86,2,122,86,Washing_Plant,647,Low
Zone_Industrielle_Monastir,35.701,10.742,70,2.4,92,2,148,53,Washing_Plant,567,Moderate
Zone_Industrielle_Monastir,35.716,10.823,77,1.6,49,3.7,114,73,Washing_Plant,876,Low
Zone_Industrielle_Monastir,35.701,10.88,63,0.6,47,4.9,106,46,Textile_Dyeing,668,Low
Zone_Industrielle_Monastir,35.76,10.843,66,2.2,61,3.8,41,52,Textile_Dyeing,716,Moderate
Zone_Industrielle_Monastir,35.781,10.759,154,1.2,108,6.8,220,70,Washing_Plant,259,High
Zone_Industrielle_Monastir,35.767,10.728,269.5,3.5,350,16.8,245,161,Washing_Plant,131,High
Zone_Industrielle_Monastir,35.786,10.7,53,1.3,48,1.9,97,31,Washing_Plant,911,Low
Zone_Industrielle_Monastir,35.794,10.799,35,0.6,98,3.7,96,41,Washing_Plant,751,Low
Zone_Industrielle_Monastir,35.752,10.85,24,0.6,66,3.6,126,84,Textile_Dyeing,561,Low
Zone_Industrielle_Monastir,35.743,10.889,40,0.5,78,3.8,103,58,Textile_Dyeing,1218,Low
Zone_Industrielle_Monastir,35.744,10.72,56,1.9,109,2.9,130,85,Washing_Plant,1405,Moderate
Zone_Industrielle_Monastir,35.748,10.876,238,4.55,266,7.7,255.5,304.5,Washing_Plant,40,High
Zone_Industrielle_Monastir,35.756,10.714,63,0.5,82,4.9,125,39,Washing_Plant,546,Low
Zone_Industrielle_Monastir,35.797,10.705,33,1.5,42,2.7,49,88,Textile_Dyeing,1412,Low
Zone_Industrielle_Monastir,35.734,10.864,27,1.3,85,1,119,76,Textile_Dyeing,1366,Low
Zone_Industrielle_Monastir,35.706,10.828,46,1.2,95,1.4,105,47,Textile_Dyeing,1388,Low
Zone_Industrielle_Monastir,35.714,10.748,58,1.9,99,2.3,67,76,Textile_Dyeing,768,Low
Zone_Industrielle_Monastir,35.75,10.739,65,0.5,103,2.2,94,45,Textile_Dyeing,812,Moderate
Zone_Industrielle_Monastir,35.707,10.895,52,2.2,65,2.1,91,55,Textile_Dyeing,503,Moderate
Zone_Industrielle_Monastir,35.761,10.816,76,2,113,1.9,55,47,Washing_Plant,864,Moderate
Zone_Industrielle_Monastir,35.75,10.854,28,1.7,79,3.8,138,63,Textile_Dyeing,1089,Low
Zone_Industrielle_Monastir,35.718,10.875,20,1.6,39,3.8,45,62,Textile_Dyeing,1322,Low
Zone_Industrielle_Monastir,35.735,10.752,53,2.2,77,4.1,46,25,Washing_Plant,818,Moderate
Zone_Industrielle_Monastir,35.704,10.836,49,1.1,39,1.5,135,79,Washing_Plant,763,Low
Zone_Industrielle_Monastir,35.772,10.759,130,4,110,5.4,98,66,Textile_Dyeing,288,Moderate
Zone_Industrielle_Monastir,35.7,10.841,51,0.8,43,2.3,124,35,Washing_Plant,841,Low
Zone_Industrielle_Monastir,35.788,10.754,46,3.8,102,7.4,100,154,Washing_Plant,310,Moderate
Zone_Industrielle_Monastir,35.712,10.785,64,0.6,69,1.7,66,58,Washing_Plant,655,Low
Zone_Industrielle_Monastir,35.779,10.765,68,4.8,206,4,192,144,Textile_Dyeing,392,High
Zone_Industrielle_Monastir,35.747,10.787,42,1.2,71,4.7,77,50,Washing_Plant,1479,Low
Zone_Industrielle_Monastir,35.745,10.849,59,1.7,60,2.4,124,89,Washing_Plant,1476,Low
Zone_Industrielle_Monastir,35.757,10.83,43,0.6,67,2.6,146,36,Textile_Dyeing,1346,Low
Zone_Industrielle_Monastir,35.751,10.751,213.5,6.3,374.5,3.5,154,105,Textile_Dyeing,79,High
Zone_Industrielle_Monastir,35.759,10.739,58,0.7,95,3.8,119,62,Textile_Dyeing,1441,Low
Zone_Industrielle_Monastir,35.776,10.894,30,1.8,103,1.5,61,83,Washing_Plant,794,Moderate
Zone_Industrielle_Monastir,35.755,10.867,84,2.8,294,12.25,171.5,91,Washing_Plant,28,High
Zone_Industrielle_Monastir,35.784,10.73,78,1.7,99,3.7,42,31,Textile_Dyeing,1316,Low
Zone_Industrielle_Monastir,35.761,10.724,47,1.3,62,2.3,104,43,Washing_Plant,1091,Low
Zone_Industrielle_Monastir,35.727,10.727,60,3.6,106,4.2,188,126,Textile_Dyeing,351,Moderate
Zone_Industrielle_Monastir,35.728,10.835,130,4.4,110,8.8,262,144,Washing_Plant,340,Moderate
Zone_Industrielle_Monastir,35.7,10.786,152,3.2,66,5.8,272,108,Washing_Plant,412,High
Zone_Industrielle_Monastir,35.791,10.831,110,2.4,118,8.6,182,144,Washing_Plant,277,Moderate
Zone_Industrielle_Monastir,35.732,10.762,64,0.9,33,3.9,48,20,Textile_Dyeing,681,Low
Zone_Industrielle_Monastir,35.721,10.856,40,3.4,194,5.6,286,56,Textile_Dyeing,424,Moderate
Zone_Industrielle_Monastir,35.702,10.751,68,0.7,93,1.3,73,83,Washing_Plant,549,Low
Zone_Industrielle_Monastir,35.79,10.88,24,2.1,43,4.4,106,53,Textile_Dyeing,705,Moderate
Zone_Industrielle_Monastir,35.711,10.73,36,1.6,84,1.2,44,83,Textile_Dyeing,1326,Low
Zone_Industrielle_Monastir,35.788,10.846,74,0.9,67,4.5,56,31,Washing_Plant,848,Low
Zone_Industrielle_Monastir,35.763,10.76,76,0.5,87,3.6,57,30,Washing_Plant,778,Low
Zone_Industrielle_Monastir,35.788,10.807,66,2.2,41,4.4,129,49,Textile_Dyeing,671,Moderate
Zone_Industrielle_Monastir,35.756,10.751,58,0.7,111,4,109,35,Textile_Dyeing,1374,Moderate
Zone_Industrielle_Monastir,35.774,10.886,25,1.1,93,1.7,44,42,Washing_Plant,564,Low
Zone_Industrielle_Monastir,35.798,10.703,60,2.4,146,9.2,262,130,Textile_Dyeing,249,Moderate
Zone_Industrielle_Monastir,35.783,10.811,76,1.7,101,3.2,89,63,Washing_Plant,1432,Moderate
Zone_Industrielle_Monastir,35.778,10.777,41,1.8,109,2.8,139,51,Washing_Plant,507,Moderate
Zone_Industrielle_Monastir,35.743,10.845,47,2.3,52,3.7,52,51,Textile_Dyeing,1476,Moderate
Zone_Industrielle_Monastir,35.737,10.794,144,1.4,212,6,264,60,Textile_Dyeing,412,High
Zone_Industrielle_Monastir,35.718,10.782,70,0.5,69,1.4,116,41,Washing_Plant,1155,Low
Zone_Industrielle_Monastir,35.774,10.897,66,0.9,64,4.9,147,26,Washing_Plant,873,Low
Zone_Industrielle_Monastir,35.717,10.884,44,2.2,108,4.7,60,47,Washing_Plant,938,Moderate
Zone_Industrielle_Monastir,35.795,10.824,146,1.8,204,9,110,44,Washing_Plant,499,High
Zone_Industrielle_Monastir,35.78,10.883,70,2.1,122.5,7,245,262.5,Textile_Dyeing,162,Moderate
Zone_Industrielle_Monastir,35.714,10.852,36,2.1,35,1.7,74,81,Textile_Dyeing,1182,Moderate
Zone_Industrielle_Monastir,35.705,10.72,217,3.5,224,7.35,196,112,Textile_Dyeing,96,High
Zone_Industrielle_Monastir,35.714,10.747,64,1.4,45,4.4,128,61,Washing_Plant,537,Low
Zone_Industrielle_Monastir,35.751,10.844,40,2.6,164,5.2,234,42,Washing_Plant,441,Moderate
Zone_Industrielle_Monastir,35.75,10.707,30,2.4,35,2.4,73,49,Washing_Plant,1086,Moderate
Zone_Industrielle_Monastir,35.707,10.869,57,2,79,2.6,137,35,Washing_Plant,1067,Low
Zone_Industrielle_Monastir,35.768,10.897,43,1.1,51,3.8,126,72,Washing_Plant,1046,Low
Zone_Industrielle_Monastir,35.789,10.895,34,1.7,39,3.1,145,71,Textile_Dyeing,1146,Low
Zone_Industrielle_Monastir,35.723,10.792,91,5.95,213.5,3.5,171.5,129.5,Textile_Dyeing,52,High
Zone_Industrielle_Monastir,35.742,10.724,34,1.5,50,4.8,67,76,Textile_Dyeing,913,Low
Zone_Industrielle_Monastir,35.737,10.843,61,0.6,91,2.9,91,36,Washing_Plant,671,Low
Zone_Industrielle_Monastir,35.762,10.874,42,1.2,56,3.2,97,83,Textile_Dyeing,739,Low
Zone_Industrielle_Monastir,35.752,10.831,64,0.6,73,1.5,42,52,Textile_Dyeing,1416,Low
Zone_Industrielle_Monastir,35.709,10.879,67,1.7,68,3.6,104,26,Textile_Dyeing,1394,Low
Zone_Industrielle_Monastir,35.76,10.796,108,4.8,202,4.2,130,168,Washing_Plant,426,High
Zone_Industrielle_Monastir,35.751,10.712,39,1.2,52,3.8,149,21,Washing_Plant,1226,Low
Zone_Industrielle_Monastir,35.794,10.85,55,1.7,70,3.8,56,69,Washing_Plant,1186,Low
Zone_Industrielle_Monastir,35.757,10.746,66,0.5,41,1.3,110,87,Washing_Plant,978,Low
Zone_Industrielle_Monastir,35.765,10.765,66,2.4,150,3.4,184,104,Textile_Dyeing,497,Moderate
Zone_Industrielle_Monastir,35.784,10.815,59,1,36,2.9,132,82,Textile_Dyeing,748,Low
Zone_Industrielle_Monastir,35.72,10.747,196,8.05,241.5,12.6,402.5,157.5,Washing_Plant,34,High
Zone_Industrielle_Monastir,35.748,10.818,98,1.2,186,5.2,192,42,Textile_Dyeing,376,Moderate
Zone_Industrielle_Monastir,35.754,10.82,45,0.8,97,2.9,125,68,Textile_Dyeing,1277,Low
Zone_Industrielle_Monastir,35.792,10.785,65,2,117,3.9,76,58,Washing_Plant,660,Moderate
Zone_Industrielle_Monastir,35.711,10.829,47,1,71,4.9,127,31,Textile_Dyeing,986,Low
Zone_Industrielle_Monastir,35.763,10.867,22,0.9,70,1.8,43,87,Washing_Plant,1427,Low
Zone_Industrielle_Monastir,35.712,10.896,23,1.3,30,3.6,87,44,Textile_Dyeing,1069,Low
Zone_Industrielle_Monastir,35.708,10.807,61,1.5,94,1.6,70,46,Washing_Plant,594,Low
Zone_Industrielle_Monastir,35.736,10.733,74,0.9,86,1,85,64,Textile_Dyeing,1083,Low
Zone_Industrielle_Monastir,35.771,10.766,26,1.9,80,2.9,53,63,Washing_Plant,599,Low
Zone_Industrielle_Monastir,35.771,10.767,25,1.1,98,4,101,31,Washing_Plant,1216,Low
Zone_Industrielle_Monastir,35.736,10.794,74,1.3,47,3.9,60,68,Washing_Plant,905,Low
Zone_Industrielle_Monastir,35.769,10.704,23,0.6,118,2,110,57,Textile_Dyeing,981,Moderate
Zone_Industrielle_Monastir,35.765,10.819,259,7.7,255.5,11.55,455,283.5,Textile_Dyeing,163,High
Zone_Industrielle_Monastir,35.743,10.862,72,1.9,65,4.7,143,37,Textile_Dyeing,1309,Low
Zone_Industrielle_Monastir,35.727,10.703,77,1.9,113,2,98,63,Textile_Dyeing,883,Moderate
Zone_Industrielle_Monastir,35.702,10.887,245,3.85,213.5,6.3,462,196,Textile_Dyeing,164,High
Zone_Industrielle_Monastir,35.716,10.703,47,1,93,2.7,86,37,Textile_Dyeing,1231,Low
Zone_Industrielle_Monastir,35.753,10.861,118,4.4,236,2.4,230,160,Textile_Dyeing,494,High
Zone_Industrielle_Monastir,35.731,10.741,57,1.8,93,2.7,89,67,Textile_Dyeing,749,Low
Zone_Industrielle_Monastir,35.793,10.77,77,1.6,115,4.3,135,39,Washing_Plant,531,Moderate
Zone_Industrielle_Monastir,35.744,10.83,63,2.2,92,3.7,124,85,Washing_Plant,1105,Moderate
Zone_Industrielle_Monastir,35.735,10.885,20,1,90,1.2,61,57,Textile_Dyeing,1234,Low
Zone_Industrielle_Monastir,35.772,10.738,40,1.9,36,1.7,108,81,Textile_Dyeing,536,Low
Zone_Industrielle_Monastir,35.713,10.81,37,1.9,112,3.3,87,44,Textile_Dyeing,1370,Moderate
Zone_Industrielle_Monastir,35.759,10.759,65,0.8,70,3.7,40,25,Washing_Plant,620,Low
Zone_Industrielle_Monastir,35.741,10.882,73.5,3.15,357,9.1,395.5,94.5,Textile_Dyeing,19,High
Zone_Industrielle_Monastir,35.72,10.841,21,1.5,37,1.7,139,62,Textile_Dyeing,1384,Low
Zone_Industrielle_Monastir,35.748,10.79,41,2.4,112,1.3,106,65,Textile_Dyeing,1416,Moderate
Zone_Industrielle_Monastir,35.792,10.731,142,2.6,154,4,212,142,Textile_Dyeing,345,Moderate
Zone_Industrielle_Monastir,35.731,10.761,74,1.6,85,3.3,51,34,Textile_Dyeing,1273,Low
Zone_Industrielle_Monastir,35.791,10.722,23,2,115,3.1,47,23,Textile_Dyeing,1252,Moderate
Zone_Industrielle_Monastir,35.795,10.757,255.5,5.6,329,14.35,269.5,255.5,Textile_Dyeing,77,High
Zone_Industrielle_Monastir,35.734,10.897,59,1.2,117,4.3,84,69,Washing_Plant,1361,Moderate
Zone_Industrielle_Monastir,35.714,10.707,79,2.4,82,3.3,51,58,Textile_Dyeing,1322,Moderate
Zone_Industrielle_Monastir,35.785,10.847,94.5,6.3,105,6.65,434,143.5,Textile_Dyeing,168,High
Zone_Industrielle_Monastir,35.764,10.794,49,0.8,54,2.2,79,21,Washing_Plant,837,Low
Zone_Industrielle_Monastir,35.74,10.794,31,2.2,81,1,149,70,Textile_Dyeing,852,Moderate
Zone_Industrielle_Monastir,35.789,10.822,56,0.6,62,4.7,48,44,Textile_Dyeing,1352,Low
Zone_Industrielle_Monastir,35.77,10.81,66,0.5,99,3.2,78,46,Textile_Dyeing,1218,Low
Zone_Industrielle_Monastir,35.737,10.847,88,4.4,110,9.2,136,130,Textile_Dyeing,382,Moderate
Zone_Industrielle_Monastir,35.722,10.806,84,3.8,208,3.6,170,98,Washing_Plant,251,High
Zone_Industrielle_Monastir,35.793,10.777,37,1.5,78,2,90,47,Washing_Plant,717,Low
Zone_Industrielle_Monastir,35.772,10.795,138,4.2,228,4.4,132,144,Textile_Dyeing,491,High
Zone_Industrielle_Monastir,35.751,10.836,152,3.6,88,4.6,102,152,Washing_Plant,235,High
Zone_Industrielle_Monastir,35.752,10.842,45,0.5,119,2.3,117,80,Washing_Plant,1104,Moderate
Zone_Industrielle_Monastir,35.774,10.782,31,1.2,109,2.7,132,22,Textile_Dyeing,877,Moderate
Zone_Industrielle_Monastir,35.793,10.807,31,0.6,103,4.9,72,71,Washing_Plant,642,Moderate
Zone_Industrielle_Monastir,35.731,10.761,62,2.2,196,4.2,222,98,Textile_Dyeing,256,Moderate
Zone_Industrielle_Monastir,35.746,10.85,59,1.6,106,4.3,135,80,Textile_Dyeing,1142,Moderate
Zone_Industrielle_Monastir,35.7,10.891,37,0.5,97,1.1,121,69,Textile_Dyeing,562,Low
Zone_Industrielle_Monastir,35.71,10.725,72,1,37,3.4,74,25,Textile_Dyeing,1036,Low
Zone_Industrielle_Monastir,35.796,10.718,29,1.9,116,2.6,54,38,Washing_Plant,771,Moderate
Zone_Industrielle_Monastir,35.764,10.72,54,3.4,210,9.6,252,134,Textile_Dyeing,404,High
Zone_Industrielle_Monastir,35.766,10.873,38,2.1,87,4.9,59,82,Textile_Dyeing,622,Moderate
Zone_Industrielle_Monastir,35.743,10.85,50,2.8,198,2.4,82,56,Textile_Dyeing,265,Moderate
Zone_Industrielle_Monastir,35.771,10.77,65,1.5,107,2.4,100,68,Textile_Dyeing,585,Moderate
Zone_Industrielle_Monastir,35.765,10.726,43,1.4,45,2,55,70,Washing_Plant,656,Low
Zone_Industrielle_Monastir,35.765,10.743,24,1.8,65,2.6,54,61,Textile_Dyeing,1081,Low
Zone_Industrielle_Monastir,35.714,10.797,210,5.95,273,9.1,171.5,164.5,Washing_Plant,153,High
Zone_Industrielle_Monastir,35.767,10.747,68,1.2,80,4.8,278,56,Washing_Plant,365,Low
Zone_Industrielle_Monastir,35.778,10.728,27,1.3,73,1.5,42,51,Textile_Dyeing,1412,Low
Zone_Industrielle_Monastir,35.778,10.708,74,1.1,107,3.7,40,62,Washing_Plant,1054,Moderate
Zone_Industrielle_Monastir,35.768,10.807,102,1.2,210,7.6,298,140,Textile_Dyeing,384,High
Zone_Industrielle_Monastir,35.773,10.727,269.5,7.35,301,17.15,360.5,101.5,Textile_Dyeing,21,High
Zone_Industrielle_Monastir,35.719,10.729,25,1.1,78,2.2,49,61,Washing_Plant,655,Low
Zone_Industrielle_Monastir,35.767,10.812,152,2.4,142,4.6,254,174,Washing_Plant,271,High
Zone_Industrielle_Monastir,35.789,10.875,74,4.6,136,4.4,170,106,Washing_Plant,275,Moderate
Zone_Industrielle_Monastir,35.752,10.715,164.5,1.75,122.5,15.4,217,136.5,Textile_Dyeing,17,High
Zone_Industrielle_Monastir,35.752,10.743,54,2.3,47,1.4,92,39,Textile_Dyeing,1242,Moderate
Zone_Industrielle_Monastir,35.742,10.743,31,0.5,34,3.6,111,75,Washing_Plant,936,Low
Zone_Industrielle_Monastir,35.72,10.818,248.5,1.75,143.5,13.65,420,73.5,Textile_Dyeing,140,High
Zone_Industrielle_Monastir,35.752,10.742,49,1.6,104,1.4,53,39,Textile_Dyeing,933,Moderate
Zone_Industrielle_Monastir,35.758,10.772,98,1.4,176,5.6,250,150,Textile_Dyeing,402,Moderate
Zone_Industrielle_Monastir,35.748,10.781,66,2.3,69,2.6,144,87,Textile_Dyeing,583,Moderate
Zone_Industrielle_Monastir,35.779,10.835,56,1.6,88,2.5,102,87,Textile_Dyeing,1299,Low
Zone_Industrielle_Monastir,35.737,10.815,66,1.9,104,4.3,57,45,Washing_Plant,1057,Moderate
Zone_Industrielle_Monastir,35.728,10.707,75,0.7,52,1.3,140,89,Textile_Dyeing,1011,Low
Zone_Industrielle_Monastir,35.775,10.806,35,0.8,46,1.4,120,26,Textile_Dyeing,1401,Low
Zone_Industrielle_Monastir,35.753,10.845,34,1.5,76,2.1,59,35,Textile_Dyeing,546,Low
Zone_Industrielle_Monastir,35.728,10.854,66,1.5,48,2,139,60,Washing_Plant,509,Low
Zone_Industrielle_Monastir,35.726,10.818,51,2.1,86,2.8,87,42,Washing_Plant,1047,Moderate
Zone_Industrielle_Monastir,35.733,10.736,79,1.8,54,1.5,49,36,Washing_Plant,1166,Low
Zone_Industrielle_Monastir,35.796,10.763,55,1.3,59,2.1,143,76,Textile_Dyeing,854,Low
Zone_Industrielle_Monastir,35.707,10.839,24,0.7,105,2.7,137,79,Textile_Dyeing,716,Moderate
Zone_Industrielle_Monastir,35.796,10.835,21,1,68,2.7,101,56,Washing_Plant,1410,Low
Zone_Industrielle_Monastir,35.716,10.883,122.5,5.25,276.5,14,241.5,210,Washing_Plant,146,High
Zone_Industrielle_Monastir,35.77,10.764,273,1.75,182,17.15,343,199.5,Textile_Dyeing,35,High
Zone_Industrielle_Monastir,35.71,10.735,66,3.6,192,4,286,128,Textile_Dyeing,425,Moderate
Zone_Industrielle_Monastir,35.771,10.822,78,2.1,118,4.1,90,23,Washing_Plant,1197,Moderate
Zone_Industrielle_Monastir,35.777,10.731,56,0.8,47,1.5,49,23,Washing_Plant,551,Low
Zone_Industrielle_Monastir,35.723,10.809,78,0.6,32,4,75,80,Washing_Plant,857,Low
Zone_Industrielle_Monastir,35.786,10.758,39,1.8,81,2.3,127,55,Textile_Dyeing,1471,Low
Zone_Industrielle_Monastir,35.732,10.789,88,3.2,80,2.4,236,92,Textile_Dyeing,425,Moderate
Zone_Industrielle_Monastir,35.734,10.787,74,2.3,119,1.2,54,85,Washing_Plant,912,Moderate
Zone_Industrielle_Monastir,35.781,10.885,76,1.6,42,2.6,137,78,Textile_Dyeing,1473,Low
Zone_Industrielle_Monastir,35.763,10.751,61,1.4,55,4.9,85,89,Textile_Dyeing,922,Low
Zone_Industrielle_Monastir,35.718,10.858,23,0.8,119,1.8,136,76,Washing_Plant,1032,Moderate
Zone_Industrielle_Monastir,35.789,10.725,71,1.3,79,3.6,133,80,Washing_Plant,1135,Low
Zone_Industrielle_Monastir,35.787,10.862,140,4,134,6.6,280,112,Washing_Plant,331,Moderate
Zone_Industrielle_Monastir,35.776,10.728,31,1.8,48,2.5,92,44,Textile_Dyeing,1443,Low
Zone_Industrielle_Monastir,35.729,10.761,108.5,7.35,136.5,12.25,157.5,98,Textile_Dyeing,56,High
Zone_Industrielle_Monastir,35.795,10.863,66,0.8,57,1,115,21,Textile_Dyeing,522,Low
Zone_Industrielle_Monastir,35.739,10.764,138,4.4,106,2.8,216,54,Textile_Dyeing,209,Moderate
Zone_Industrielle_Monastir,35.745,10.845,269.5,3.5,322,14,486.5,231,Washing_Plant,40,High
Zone_Industrielle_Monastir,35.787,10.826,59,1.5,76,2.2,72,29,Textile_Dyeing,801,Low
Zone_Industrielle_Monastir,35.795,10.77,63,0.7,53,1.3,87,36,Washing_Plant,660,Low
Zone_Industrielle_Monastir,35.765,10.757,67,1.9,116,3.2,105,27,Textile_Dyeing,1023,Moderate
Zone_Industrielle_Monastir,35.713,10.809,64,1.5,80,1,77,85,Textile_Dyeing,1466,Low
Zone_Industrielle_Monastir,35.73,10.831,74,1,128,6,128,142,Washing_Plant,270,Moderate
Zone_Industrielle_Monastir,35.715,10.82,114,4.6,142,5.2,162,142,Washing_Plant,478,Moderate
Zone_Industrielle_Monastir,35.779,10.882,61,1.1,85,3.2,81,42,Washing_Plant,1446,Low
Zone_Industrielle_Monastir,35.799,10.857,49,1.4,68,4.4,126,77,Washing_Plant,816,Low
Zone_Industrielle_Monastir,35.724,10.833,29,1.8,47,1.2,146,67,Washing_Plant,1355,Low
Zone_Industrielle_Monastir,35.762,10.791,31,1.6,110,3.7,110,82,Textile_Dyeing,1178,Moderate
Zone_Industrielle_Monastir,35.715,10.88,269.5,2.45,133,12.6,378,164.5,Textile_Dyeing,159,High
Zone_Industrielle_Monastir,35.755,10.802,61,0.7,40,2.4,136,49,Washing_Plant,1283,Low
Zone_Industrielle_Monastir,35.7,10.834,66,2.3,50,2.2,114,69,Textile_Dyeing,622,Moderate
Zone_Industrielle_Monastir,35.722,10.768,142,2,226,2.6,272,112,Textile_Dyeing,205,High
Zone_Industrielle_Monastir,35.79,10.868,30,1.9,50,4.6,120,53,Textile_Dyeing,600,Low
Zone_Industrielle_Monastir,35.786,10.848,66,1.6,112,3.2,102,120,Textile_Dyeing,324,Moderate
Zone_Industrielle_Monastir,35.796,10.766,37,0.8,35,4.8,64,25,Washing_Plant,712,Low
Zone_Industrielle_Monastir,35.785,10.775,68,2.6,234,7.2,230,112,Textile_Dyeing,276,High
Zone_Industrielle_Monastir,35.793,10.839,59,1,52,2.9,137,32,Washing_Plant,606,Low
Zone_Industrielle_Monastir,35.709,10.764,31,1.2,34,4.2,117,61,Washing_Plant,1012,Low
Zone_Industrielle_Monastir,35.717,10.761,54,4.2,176,4.6,124,142,Textile_Dyeing,285,Moderate
Zone_Industrielle_Monastir,35.781,10.84,50,2.2,47,1.3,141,80,Textile_Dyeing,845,Moderate
Zone_Industrielle_Monastir,35.759,10.823,134,4.8,78,5.4,284,88,Textile_Dyeing,491,Moderate
Zone_Industrielle_Monastir,35.737,10.784,67,1.2,78,3.7,118,60,Textile_Dyeing,574,Low
Zone_Industrielle_Monastir,35.769,10.881,158,1.8,80,2.6,220,128,Washing_Plant,239,High
Zone_Industrielle_Monastir,35.709,10.809,25,1.9,60,4.7,141,88,Textile_Dyeing,1352,Low
Zone_Industrielle_Monastir,35.753,10.745,199.5,3.15,416.5,9.1,301,280,Washing_Plant,77,High
Zone_Industrielle_Monastir,35.719,10.711,50,2.2,102,2,254,96,Washing_Plant,351,Moderate
Zone_Industrielle_Monastir,35.7,10.714,45,2,54,3.9,113,56,Textile_Dyeing,793,Low
Zone_Industrielle_Monastir,35.713,10.791,227.5,3.85,115.5,3.5,514.5,248.5,Washing_Plant,134,High
Zone_Industrielle_Monastir,35.754,10.839,60,2.3,62,2.6,57,63,Textile_Dyeing,638,Moderate
Zone_Industrielle_Monastir,35.72,10.855,72,0.9,57,2.5,104,42,Washing_Plant,1427,Low
Zone_Industrielle_Monastir,35.755,10.762,25,1,89,4.6,127,41,Washing_Plant,981,Low
Zone_Industrielle_Monastir,35.746,10.864,71,1.4,117,4.8,103,45,Textile_Dyeing,521,Moderate
Zone_Industrielle_Monastir,35.772,10.721,67,1.3,114,4.9,74,56,Washing_Plant,1409,Moderate
Zone_Industrielle_Monastir,35.765,10.835,40,4.2,232,8.6,296,54,Washing_Plant,307,High
Zone_Industrielle_Monastir,35.747,10.75,73.5,3.15,385,3.5,455,262.5,Washing_Plant,30,High
Zone_Industrielle_Monastir,35.727,10.825,61,1.5,81,3.5,90,51,Textile_Dyeing,880,Low
Zone_Industrielle_Monastir,35.735,10.716,30,1.4,103,4.5,141,59,Textile_Dyeing,1367,Moderate
Zone_Industrielle_Monastir,35.782,10.739,65,1.6,30,2.5,68,50,Textile_Dyeing,1211,Low
Zone_Industrielle_Monastir,35.776,10.731,57,1.7,73,3.8,73,49,Textile_Dyeing,1390,Low
Zone_Industrielle_Monastir,35.717,10.818,105,8.05,287,7,353.5,266,Washing_Plant,196,High
Zone_Industrielle_Monastir,35.721,10.859,42,1,118,1.9,119,76,Washing_Plant,1473,Moderate
Zone_Industrielle_Monastir,35.775,10.781,53,1.2,106,1.2,110,68,Textile_Dyeing,1119,Moderate
Zone_Industrielle_Monastir,35.768,10.767,69,0.5,69,2.2,79,47,Textile_Dyeing,617,Low
Zone_Industrielle_Monastir,35.703,10.752,39,1,60,2.3,129,80,Textile_Dyeing,648,Low
Zone_Industrielle_Monastir,35.73,10.719,70,5.6,189,5.6,248.5,178.5,Washing_Plant,63,High
Zone_Industrielle_Monastir,35.76,10.707,25,2.3,75,1.7,64,43,Textile_Dyeing,1025,Moderate
Zone_Industrielle_Monastir,35.747,10.772,52,0.7,70,1.5,51,32,Textile_Dyeing,1201,Low
Zone_Industrielle_Monastir,35.751,10.702,54,2.2,72,4.9,84,68,Textile_Dyeing,1348,Moderate
Zone_Industrielle_Monastir,35.711,10.82,259,5.25,301,7.35,409.5,175,Textile_Dyeing,55,High
Zone_Industrielle_Monastir,35.764,10.82,50,0.5,114,2.3,74,45,Textile_Dyeing,992,Moderate
Zone_Industrielle_Monastir,35.784,10.748,39,0.9,36,2.4,134,82,Washing_Plant,738,Low
Zone_Industrielle_Monastir,35.792,10.718,64,3.8,210,5.6,222,116,Textile_Dyeing,269,High
Zone_Industrielle_Monastir,35.742,10.725,77,5.25,385,10.85,336,80.5,Textile_Dyeing,144,High
Zone_Industrielle_Monastir,35.737,10.71,57,1.2,91,2.1,124,24,Washing_Plant,540,Low
Zone_Industrielle_Monastir,35.763,10.701,106,1.2,110,9.2,268,68,Textile_Dyeing,270,Moderate
Zone_Industrielle_Monastir,35.794,10.877,28,1.4,77,2.5,103,50,Washing_Plant,1362,Low
Zone_Industrielle_Monastir,35.732,10.7,27,0.5,72,2.7,70,84,Textile_Dyeing,1021,Low
Zone_Industrielle_Monastir,35.729,10.713,76,1.6,194,9.8,90,140,Washing_Plant,333,Moderate
Zone_Industrielle_Monastir,35.709,10.706,152,1,106,3.4,214,108,Textile_Dyeing,295,High
Zone_Industrielle_Monastir,35.725,10.761,62,1.8,118,2.7,73,83,Textile_Dyeing,945,Moderate
Zone_Industrielle_Monastir,35.72,10.752,26,0.8,58,4.5,148,25,Textile_Dyeing,1071,Low
Zone_Industrielle_Monastir,35.715,10.763,44,1,44,3.5,136,74,Washing_Plant,995,Low
Zone_Industrielle_Monastir,35.787,10.831,55,1.2,112,1.8,120,62,Textile_Dyeing,1304,Moderate
Zone_Industrielle_Monastir,35.702,10.819,66,0.9,103,4.7,131,23,Washing_Plant,938,Moderate
Zone_Industrielle_Monastir,35.743,10.89,60,2.6,92,9,214,134,Washing_Plant,407,Moderate
Zone_Industrielle_Monastir,35.707,10.756,40,1.3,39,4,62,44,Washing_Plant,1147,Low
Zone_Industrielle_Monastir,35.799,10.809,128,2,170,6.4,276,60,Washing_Plant,272,Moderate
Zone_Industrielle_Monastir,35.793,10.759,130,2.8,128,8.4,286,52,Washing_Plant,295,Moderate
Zone_Industrielle_Monastir,35.752,10.704,84,3.8,144,2,262,96,Textile_Dyeing,367,Moderate
Zone_Industrielle_Monastir,35.747,10.779,55,0.5,43,3.1,141,83,Washing_Plant,1189,Low
Zone_Industrielle_Monastir,35.708,10.733,24,1.5,78,3.8,106,29,Textile_Dyeing,1257,Low
Zone_Industrielle_Monastir,35.778,10.884,98,2.2,172,6.8,160,98,Washing_Plant,376,Moderate
Zone_Industrielle_Monastir,35.778,10.859,171.5,8.4,143.5,6.65,318.5,269.5,Washing_Plant,18,High
Zone_Industrielle_Monastir,35.721,10.713,71,1.3,85,2.9,136,25,Washing_Plant,628,Low
Zone_Industrielle_Monastir,35.701,10.821,53,0.5,31,2,147,49,Textile_Dyeing,1025,Low
Zone_Industrielle_Monastir,35.721,10.869,54,1.6,42,4,114,60,Washing_Plant,1043,Low
Zone_Industrielle_Monastir,35.797,10.82,129.5,4.2,325.5,8.4,308,154,Washing_Plant,57,High
Zone_Industrielle_Monastir,35.739,10.807,36,1.5,47,4,127,74,Washing_Plant,1128,Low
Zone_Industrielle_Monastir,35.791,10.868,24,1,61,1.9,74,38,Textile_Dyeing,970,Low
Zone_Industrielle_Monastir,35.778,10.719,68,2.1,54,1.6,81,22,Washing_Plant,1314,Moderate
Zone_Industrielle_Monastir,35.711,10.882,56,2.1,78,1.6,42,77,Washing_Plant,632,Moderate
Zone_Industrielle_Monastir,35.775,10.747,45,0.5,86,4.6,149,77,Textile_Dyeing,1450,Low
Zone_Industrielle_Monastir,35.737,10.831,62,0.6,78,2.8,99,69,Textile_Dyeing,1239,Low
Zone_Industrielle_Monastir,35.792,10.754,54,0.5,60,3.1,127,79,Textile_Dyeing,1107,Low
Zone_Industrielle_Monastir,35.743,10.753,27,0.8,108,2.5,73,32,Textile_Dyeing,1224,Moderate
Zone_Industrielle_Monastir,35.738,10.807,100,4.4,102,8,228,124,Textile_Dyeing,260,Moderate
Zone_Industrielle_Monastir,35.718,10.793,178.5,4.55,315,12.95,266,129.5,Washing_Plant,64,High
Zone_Industrielle_Monastir,35.769,10.867,59,1.8,83,2.8,133,24,Textile_Dyeing,760,Low
Zone_Industrielle_Monastir,35.71,10.812,96,1.2,178,2.2,188,136,Textile_Dyeing,291,Moderate
Zone_Industrielle_Monastir,35.708,10.701,21,2,43,2.2,63,50,Textile_Dyeing,650,Low
Zone_Industrielle_Monastir,35.782,10.725,31,2.4,118,1.8,44,57,Textile_Dyeing,1172,Moderate
Zone_Industrielle_Monastir,35.735,10.824,84,3.2,112,6.6,172,46,Textile_Dyeing,205,Moderate
Zone_Industrielle_Monastir,35.778,10.757,63,1.2,114,3.1,70,31,Textile_Dyeing,758,Moderate
Zone_Industrielle_Monastir,35.756,10.835,72,4.8,182,9.4,154,44,Washing_Plant,260,Moderate
Zone_Industrielle_Monastir,35.72,10.863,213.5,6.3,185.5,8.75,161,283.5,Washing_Plant,161,High
Zone_Industrielle_Monastir,35.772,10.701,78,1,33,3.9,136,80,Textile_Dyeing,1459,Low
Zone_Industrielle_Monastir,35.737,10.845,55,0.5,33,2,66,75,Washing_Plant,685,Low
Zone_Industrielle_Monastir,35.721,10.719,61,1.5,69,2.2,76,78,Washing_Plant,1427,Low
Zone_Industrielle_Monastir,35.794,10.829,23,1.4,105,2.6,144,56,Washing_Plant,1041,Moderate
Zone_Industrielle_Monastir,35.743,10.722,50,1.8,30,4.4,147,49,Textile_Dyeing,675,Low
Zone_Industrielle_Monastir,35.733,10.787,75,0.5,102,3,86,33,Washing_Plant,770,Moderate
Zone_Industrielle_Monastir,35.788,10.728,80,4.2,238,5.8,100,86,Textile_Dyeing,288,High
Zone_Industrielle_Monastir,35.705,10.805,129.5,3.5,304.5,11.2,161,192.5,Washing_Plant,22,High
Zone_Industrielle_Monastir,35.76,10.873,67,1.1,103,4.9,79,45,Textile_Dyeing,921,Moderate
Zone_Industrielle_Monastir,35.782,10.785,21,0.6,49,2.7,74,21,Textile_Dyeing,989,Low
Zone_Industrielle_Monastir,35.739,10.853,80,4,66,7,230,92,Washing_Plant,446,Moderate
Zone_Industrielle_Monastir,35.751,10.814,29,0.9,80,4.3,118,82,Textile_Dyeing,1235,Low
Zone_Industrielle_Monastir,35.714,10.848,158,4.4,214,7.2,194,74,Textile_Dyeing,443,High
Zone_Industrielle_Monastir,35.789,10.792,44,1.9,53,2.1,97,40,Textile_Dyeing,882,Low
Zone_Industrielle_Monastir,35.79,10.732,119,2.45,224,10.15,147,182,Textile_Dyeing,54,High
Zone_Industrielle_Monastir,35.7,10.76,44,1.8,67,4.5,69,37,Washing_Plant,1440,Low
Zone_Industrielle_Monastir,35.743,10.747,210,4.55,112,3.85,290.5,87.5,Textile_Dyeing,55,High
Zone_Industrielle_Monastir,35.797,10.759,33,1.7,72,1,54,25,Textile_Dyeing,534,Low
Zone_Industrielle_Monastir,35.7,10.797,72,1.2,164,4.8,254,178,Washing_Plant,447,Moderate
Zone_Industrielle_Monastir,35.74,10.783,55,1.4,56,2,84,40,Washing_Plant,627,Low
Zone_Industrielle_Monastir,35.735,10.747,175,8.4,185.5,14.7,504,252,Textile_Dyeing,179,High
Zone_Industrielle_Monastir,35.705,10.797,53,2,88,1.6,49,71,Textile_Dyeing,1130,Low
Zone_Industrielle_Monastir,35.748,10.858,46,2.2,92,6.6,234,158,Washing_Plant,290,Moderate
Zone_Industrielle_Monastir,35.72,10.73,52,0.8,49,2.2,52,72,Textile_Dyeing,1183,Low
Zone_Industrielle_Monastir,35.702,10.815,144,3.8,84,4.2,150,46,Textile_Dyeing,210,Moderate
Zone_Industrielle_Monastir,35.775,10.842,171.5,8.05,252,7.35,318.5,80.5,Washing_Plant,66,High
Zone_Industrielle_Monastir,35.712,10.728,78,1.4,88,2.3,129,77,Washing_Plant,1401,Low
Zone_Industrielle_Monastir,35.73,10.769,39,0.7,109,2.2,117,64,Textile_Dyeing,957,Moderate
Zone_Industrielle_Monastir,35.762,10.749,62,1,234,7.4,276,160,Textile_Dyeing,215,High
Zone_Industrielle_Monastir,35.721,10.786,51,0.9,55,2.6,134,37,Textile_Dyeing,1459,Low
Zone_Industrielle_Monastir,35.742,10.777,39,1.7,100,2,103,23,Washing_Plant,994,Low
Zone_Industrielle_Monastir,35.753,10.73,60,3,188,7,222,142,Textile_Dyeing,303,Moderate
Zone_Industrielle_Monastir,35.73,10.742,192.5,8.05,402.5,5.25,283.5,70,Textile_Dyeing,165,High
Zone_Industrielle_Monastir,35.764,10.744,112,1.2,114,2.2,244,76,Textile_Dyeing,371,Moderate
Zone_Industrielle_Monastir,35.798,10.898,196,6.65,395.5,8.4,364,311.5,Textile_Dyeing,92,High
Zone_Industrielle_Monastir,35.735,10.871,66,1.6,230,5.8,288,44,Washing_Plant,445,High
Zone_Industrielle_Monastir,35.718,10.712,262.5,5.6,217,5.95,378,220.5,Washing_Plant,104,High
Zone_Industrielle_Monastir,35.793,10.87,39,1.9,56,1.8,89,80,Textile_Dyeing,595,Low
Zone_Industrielle_Monastir,35.756,10.897,68,1.1,108,3,128,56,Textile_Dyeing,1325,Moderate
Zone_Industrielle_Monastir,35.743,10.79,42,0.6,108,4.3,82,72,Washing_Plant,513,Moderate
Zone_Industrielle_Monastir,35.741,10.869,37,2,117,1.1,46,54,Textile_Dyeing,1206,Moderate
Zone_Industrielle_Monastir,35.756,10.728,26,2.2,65,3.2,75,37,Textile_Dyeing,1293,Moderate
Zone_Industrielle_Monastir,35.733,10.81,55,0.6,39,3.7,132,41,Washing_Plant,1393,Low
Zone_Industrielle_Monastir,35.774,10.754,54,0.9,43,1.9,136,40,Washing_Plant,1231,Low
Zone_Industrielle_Monastir,35.77,10.83,56,4.8,200,7.6,206,106,Washing_Plant,330,Moderate
Zone_Industrielle_Monastir,35.753,10.714,118,1.2,220,7,90,118,Textile_Dyeing,306,High
Zone_Industrielle_Monastir,35.703,10.756,48,1.6,34,3.9,94,39,Textile_Dyeing,771,Low
Zone_Industrielle_Monastir,35.779,10.703,25,1.5,100,1.3,112,79,Washing_Plant,871,Low
Zone_Industrielle_Monastir,35.762,10.841,79,1.9,118,2.6,121,24,Washing_Plant,1026,Moderate
Zone_Industrielle_Monastir,35.763,10.846,50,0.9,65,2.7,45,43,Textile_Dyeing,1005,Low
Zone_Industrielle_Monastir,35.713,10.77,58,0.9,76,3,138,38,Textile_Dyeing,972,Low
Zone_Industrielle_Monastir,35.748,10.889,25,2,81,3.9,136,63,Textile_Dyeing,857,Low
Zone_Industrielle_Monastir,35.769,10.821,27,2.3,53,4.9,68,35,Textile_Dyeing,584,Moderate
Zone_Industrielle_Monastir,35.799,10.837,33,1.5,64,1.8,54,39,Textile_Dyeing,588,Low
Zone_Industrielle_Monastir,35.756,10.829,35,0.9,98,3.6,76,82,Washing_Plant,510,Low
Zone_Industrielle_Monastir,35.756,10.768,241.5,3.15,112,6.65,192.5,231,Textile_Dyeing,151,High
Zone_Industrielle_Monastir,35.787,10.731,75,1.7,44,4.4,104,21,Textile_Dyeing,884,Low
Zone_Industrielle_Monastir,35.765,10.803,61,1.1,40,1.1,75,27,Textile_Dyeing,1100,Low
Zone_Industrielle_Monastir,35.7,10.838,58,1.9,64,2.7,95,73,Washing_Plant,929,Low
Zone_Industrielle_Monastir,35.738,10.777,72,4,82,3.6,264,152,Textile_Dyeing,408,Moderate
Zone_Industrielle_Monastir,35.771,10.877,71,0.8,62,4.1,50,81,Textile_Dyeing,1100,Low
Zone_Industrielle_Monastir,35.786,10.852,138,4.8,62,6.6,130,44,Textile_Dyeing,449,Moderate
Zone_Industrielle_Monastir,35.753,10.884,28,2.2,76,4.2,125,38,Washing_Plant,766,Moderate
Zone_Industrielle_Monastir,35.756,10.765,108,4.6,152,6.6,208,66,Textile_Dyeing,318,Moderate
Zone_Industrielle_Monastir,35.718,10.83,110,1.2,84,8.4,192,152,Textile_Dyeing,431,Moderate
Zone_Industrielle_Monastir,35.704,10.896,29,1.6,105,2,129,55,Washing_Plant,765,Moderate
Zone_Industrielle_Monastir,35.733,10.861,33,1,70,3.2,120,63,Textile_Dyeing,915,Low
Zone_Industrielle_Monastir,35.786,10.731,104,1.4,114,6.2,276,160,Washing_Plant,338,Moderate
Zone_Industrielle_Monastir,35.721,10.726,31,2.1,83,1.7,46,50,Washing_Plant,981,Moderate
Zone_Industrielle_Monastir,35.743,10.733,31,1.7,46,1.1,52,76,Textile_Dyeing,1319,Low
Zone_Industrielle_Monastir,35.753,10.783,59,2,76,4.4,120,73,Textile_Dyeing,1328,Low
Zone_Industrielle_Monastir,35.76,10.845,58,1.8,60,3.5,45,55,Washing_Plant,1412,Low
Zone_Industrielle_Monastir,35.782,10.78,245,3.85,416.5,3.5,486.5,262.5,Washing_Plant,68,High
Zone_Industrielle_Monastir,35.734,10.845,72,2.4,182,2.4,140,80,Washing_Plant,255,Moderate
Zone_Industrielle_Monastir,35.716,10.867,27,2.2,118,3.8,93,39,Textile_Dyeing,1304,Moderate
Zone_Industrielle_Monastir,35.79,10.891,94.5,1.75,360.5,9.8,402.5,136.5,Washing_Plant,21,High
Zone_Industrielle_Monastir,35.78,10.781,70,1.2,114,1.9,51,44,Textile_Dyeing,872,Moderate
Zone_Industrielle_Monastir,35.705,10.752,24,1.1,114,3.5,149,78,Textile_Dyeing,599,Moderate
Zone_Industrielle_Monastir,35.702,10.786,27,0.9,58,1.8,78,20,Washing_Plant,1469,Low
Zone_Industrielle_Monastir,35.797,10.887,57,1,61,4.9,107,24,Textile_Dyeing,605,Low
Zone_Industrielle_Monastir,35.707,10.851,21,2.1,32,2.9,88,36,Textile_Dyeing,817,Moderate
Zone_Industrielle_Monastir,35.722,10.852,34,2.2,113,4.6,87,29,Textile_Dyeing,866,Moderate
Zone_Industrielle_Monastir,35.797,10.731,106,1.8,72,4.6,180,178,Washing_Plant,322,Moderate
Zone_Industrielle_Monastir,35.767,10.867,118,4.8,204,6.2,206,118,Washing_Plant,421,High
Zone_Industrielle_Monastir,35.756,10.773,213.5,3.5,203,17.15,374.5,199.5,Textile_Dyeing,19,High
Zone_Industrielle_Monastir,35.745,10.769,29,1.1,75,4.2,55,64,Washing_Plant,597,Low
Zone_Industrielle_Monastir,35.781,10.771,30,0.8,88,1.8,127,32,Textile_Dyeing,782,Low
Zone_Industrielle_Monastir,35.76,10.805,49,0.5,77,3.3,43,75,Textile_Dyeing,1210,Low
Zone_Industrielle_Monastir,35.737,10.754,148,2.2,138,5.4,158,170,Textile_Dyeing,302,Moderate
Zone_Industrielle_Monastir,35.78,10.876,76,0.7,94,2.7,120,61,Washing_Plant,1313,Low
Zone_Industrielle_Monastir,35.777,10.77,34,1,52,4.2,60,50,Washing_Plant,1111,Low
Zone_Industrielle_Monastir,35.722,10.819,33,0.8,66,3.1,113,26,Textile_Dyeing,942,Low
Zone_Industrielle_Monastir,35.7,10.796,44,2,102,2.2,139,38,Textile_Dyeing,599,Moderate
Zone_Industrielle_Monastir,35.706,10.792,49,0.8,117,2.6,93,29,Washing_Plant,731,Moderate
Zone_Industrielle_Monastir,35.7,10.801,199.5,4.2,168,14,283.5,192.5,Textile_Dyeing,136,High
Zone_Industrielle_Monastir,35.708,10.881,241.5,3.85,406,16.45,385,297.5,Textile_Dyeing,153,High
Zone_Industrielle_Monastir,35.76,10.886,68,1.1,85,4.1,63,54,Washing_Plant,736,Low
Zone_Industrielle_Monastir,35.724,10.855,35,1,74,2.2,100,36,Textile_Dyeing,572,Low
Zone_Industrielle_Monastir,35.747,10.722,35,0.8,104,1.7,138,79,Textile_Dyeing,1299,Moderate
Zone_Industrielle_Monastir,35.725,10.868,276.5,3.15,161,12.25,245,150.5,Washing_Plant,138,High
Zone_Industrielle_Monastir,35.736,10.738,45,0.9,96,1.2,114,60,Textile_Dyeing,1305,Low
Zone_Industrielle_Monastir,35.79,10.832,32,0.5,97,4.2,79,29,Washing_Plant,990,Low
Zone_Industrielle_Monastir,35.797,10.705,59,2.1,61,3.6,81,42,Textile_Dyeing,682,Moderate
Zone_Industrielle_Monastir,35.759,10.716,96,3,62,3.4,162,110,Textile_Dyeing,249,Moderate
Zone_Industrielle_Monastir,35.776,10.786,77,3.85,220.5,13.3,304.5,252,Textile_Dyeing,115,High
Zone_Industrielle_Monastir,35.707,10.888,37,0.8,88,2.1,105,49,Textile_Dyeing,1122,Low
Zone_Industrielle_Monastir,35.72,10.881,77,0.8,106,4.9,95,62,Textile_Dyeing,833,Moderate
Zone_Industrielle_Monastir,35.74,10.865,67,1,81,4.4,100,66,Washing_Plant,922,Low
Zone_Industrielle_Monastir,35.768,10.84,23,1.1,109,2,135,29,Textile_Dyeing,733,Moderate
Zone_Industrielle_Monastir,35.792,10.74,49,0.9,82,2.5,113,88,Textile_Dyeing,526,Low
Zone_Industrielle_Monastir,35.75,10.723,199.5,7.35,147,9.45,290.5,210,Washing_Plant,106,High
Zone_Industrielle_Monastir,35.704,10.824,28,0.6,80,2.4,128,53,Textile_Dyeing,630,Low
Zone_Industrielle_Monastir,35.766,10.865,47,0.8,69,2.1,72,87,Washing_Plant,668,Low
Zone_Industrielle_Monastir,35.774,10.711,65,0.8,59,1,61,73,Washing_Plant,1032,Low
Zone_Industrielle_Monastir,35.764,10.855,45,0.5,74,2.8,125,51,Washing_Plant,899,Low
Zone_Industrielle_Monastir,35.707,10.85,96,4.2,66,4.4,210,70,Textile_Dyeing,209,Moderate
Zone_Industrielle_Monastir,35.723,10.87,31,1.6,73,3.6,137,33,Washing_Plant,690,Low
Zone_Industrielle_Monastir,35.783,10.834,71,2.4,78,1.3,86,37,Washing_Plant,1149,Moderate
Zone_Industrielle_Monastir,35.772,10.733,73,1,59,3.1,116,56,Washing_Plant,814,Low
Zone_Industrielle_Monastir,35.782,10.749,118,4.4,206,2,220,128,Textile_Dyeing,335,High
Zone_Industrielle_Monastir,35.734,10.816,104,4,76,2.6,234,122,Washing_Plant,331,Moderate
Zone_Industrielle_Monastir,35.719,10.789,252,3.85,175,8.4,206.5,203,Textile_Dyeing,133,High
Zone_Industrielle_Monastir,35.719,10.841,39,2.1,101,1.4,50,36,Washing_Plant,1048,Moderate
Zone_Industrielle_Monastir,35.728,10.878,114,2.2,142,6.6,260,78,Textile_Dyeing,320,Moderate
Zone_Industrielle_Monastir,35.755,10.807,63,1.8,106,4.2,65,55,Washing_Plant,765,Moderate
Zone_Industrielle_Monastir,35.735,10.719,32,2.1,110,4.7,50,28,Washing_Plant,1412,Moderate
Zone_Industrielle_Monastir,35.784,10.859,21,1.8,87,1.9,54,55,Washing_Plant,782,Low
Zone_Industrielle_Monastir,35.747,10.816,48,1.5,40,2.9,83,22,Textile_Dyeing,1156,Low
Zone_Industrielle_Monastir,35.733,10.78,88,4.8,152,8,124,46,Washing_Plant,334,Moderate
Zone_Industrielle_Monastir,35.719,10.769,154,1.8,184,8.6,170,118,Washing_Plant,281,High
Zone_Industrielle_Monastir,35.794,10.74,40,4.8,230,5.6,142,118,Textile_Dyeing,425,High
Zone_Industrielle_Monastir,35.74,10.82,136,1.8,144,3.6,180,140,Textile_Dyeing,495,Moderate
Zone_Industrielle_Monastir,35.784,10.885,128,1.2,226,3.2,268,50,Textile_Dyeing,324,High
Zone_Industrielle_Monastir,35.755,10.78,154,3.8,174,8.2,226,116,Textile_Dyeing,409,High
Zone_Industrielle_Monastir,35.708,10.83,73,0.7,43,1.2,43,50,Textile_Dyeing,787,Low
Zone_Industrielle_Monastir,35.716,10.888,44,0.8,62,4.2,117,48,Textile_Dyeing,724,Low
Zone_Industrielle_Monastir,35.728,10.757,64,2.3,54,1.5,43,76,Washing_Plant,1206,Moderate
Zone_Industrielle_Monastir,35.716,10.749,49,2.4,59,4,134,35,Textile_Dyeing,792,Moderate
Zone_Industrielle_Monastir,35.722,10.764,74,1.3,76,2.6,106,21,Textile_Dyeing,1319,Low
Zone_Industrielle_Monastir,35.708,10.88,61,0.6,81,3.9,61,31,Washing_Plant,1061,Low
Zone_Industrielle_Monastir,35.758,10.777,146,4.6,66,5,288,108,Textile_Dyeing,276,Moderate
Zone_Industrielle_Monastir,35.736,10.7,130,3.8,78,9.2,222,120,Washing_Plant,248,Moderate
Zone_Industrielle_Monastir,35.746,10.721,64,2.4,115,3.4,132,89,Washing_Plant,520,Moderate
Zone_Industrielle_Monastir,35.742,10.766,101.5,1.75,136.5,10.5,441,192.5,Textile_Dyeing,181,Moderate
Zone_Industrielle_Monastir,35.704,10.859,227.5,6.3,196,4.9,399,304.5,Textile_Dyeing,154,High
Zone_Industrielle_Monastir,35.702,10.711,28,1,106,4.8,115,74,Textile_Dyeing,1002,Moderate
Zone_Industrielle_Monastir,35.736,10.758,36,2.2,57,1.8,67,49,Textile_Dyeing,1102,Moderate
Zone_Industrielle_Monastir,35.736,10.755,20,0.8,87,2.2,109,85,Textile_Dyeing,596,Low
Zone_Industrielle_Monastir,35.727,10.79,29,1.1,67,1.2,40,78,Textile_Dyeing,721,Low
Zone_Industrielle_Monastir,35.792,10.739,25,1.5,69,4.4,143,63,Washing_Plant,764,Low
Zone_Industrielle_Monastir,35.773,10.894,74,0.7,48,1.1,57,84,Textile_Dyeing,1373,Low
Zone_Industrielle_Monastir,35.712,10.846,87.5,5.6,189,15.75,252,157.5,Washing_Plant,152,High
Zone_Industrielle_Monastir,35.777,10.77,32,0.5,37,4.4,72,74,Textile_Dyeing,778,Low
Zone_Industrielle_Monastir,35.799,10.889,196,5.95,392,10.85,437.5,185.5,Textile_Dyeing,157,High
Zone_Industrielle_Monastir,35.771,10.879,64,1.4,80,2.9,100,59,Textile_Dyeing,626,Low
Zone_Industrielle_Monastir,35.708,10.867,227.5,6.3,259,15.05,266,178.5,Washing_Plant,80,High
Zone_Industrielle_Monastir,35.718,10.776,44,4,230,5.8,152,160,Textile_Dyeing,392,High
Zone_Industrielle_Monastir,35.719,10.727,66,1.2,91,3.2,90,32,Textile_Dyeing,660,Low
Zone_Industrielle_Monastir,35.751,10.735,54,0.6,99,4.6,62,63,Washing_Plant,1334,Low
Zone_Industrielle_Monastir,35.76,10.731,47,1.3,116,1.7,136,68,Textile_Dyeing,911,Moderate
Zone_Industrielle_Monastir,35.711,10.799,49,1.1,78,1.1,64,40,Textile_Dyeing,885,Low
Zone_Industrielle_Monastir,35.771,10.898,73,1.8,94,4.7,118,56,Washing_Plant,578,Low
Zone_Industrielle_Monastir,35.771,10.896,25,1.1,115,1.7,86,23,Textile_Dyeing,813,Moderate
Zone_Industrielle_Monastir,35.797,10.801,57,1.6,77,3.2,109,86,Textile_Dyeing,1056,Low
Zone_Industrielle_Monastir,35.705,10.834,56,2.2,63,1.6,142,70,Textile_Dyeing,1087,Moderate
Zone_Industrielle_Monastir,35.768,10.721,34,0.5,66,4.5,115,32,Textile_Dyeing,592,Low
Zone_Industrielle_Monastir,35.761,10.775,62,1.5,76,1.3,91,67,Washing_Plant,1092,Low
Zone_Industrielle_Monastir,35.774,10.846,116,3.2,88,2.2,298,80,Textile_Dyeing,227,Moderate
Zone_Industrielle_Monastir,35.785,10.869,96,3.4,94,7.4,220,152,Textile_Dyeing,208,Moderate
Zone_Industrielle_Monastir,35.7,10.878,60,1.9,70,2.8,149,37,Textile_Dyeing,518,Low
Zone_Industrielle_Monastir,35.787,10.89,41,1.9,117,2.7,118,33,Textile_Dyeing,981,Moderate
Zone_Industrielle_Monastir,35.753,10.807,86,2.8,210,7.6,168,88,Textile_Dyeing,239,High
Zone_Industrielle_Monastir,35.777,10.803,108,2.8,238,3,146,124,Textile_Dyeing,405,High
Zone_Industrielle_Monastir,35.727,10.851,76,0.6,50,2.5,137,46,Textile_Dyeing,1170,Low
Zone_Industrielle_Monastir,35.719,10.82,70,4,238,7,162,174,Washing_Plant,421,High
Zone_Industrielle_Monastir,35.773,10.8,182,8.05,115.5,11.2,514.5,252,Washing_Plant,124,High
Zone_Industrielle_Monastir,35.724,10.732,39,1.2,73,4.3,52,81,Textile_Dyeing,896,Low
Zone_Industrielle_Monastir,35.777,10.862,26,2.4,46,4.6,120,87,Textile_Dyeing,1292,Moderate
Zone_Industrielle_Monastir,35.785,10.804,53,1.3,76,4.9,72,84,Textile_Dyeing,885,Low
Zone_Industrielle_Monastir,35.791,10.88,70,1.3,44,1.9,79,41,Washing_Plant,1084,Low
Zone_Industrielle_Monastir,35.725,10.731,42,1.5,90,3.5,47,21,Washing_Plant,804,Low
Zone_Industrielle_Monastir,35.73,10.758,58,1.9,92,2.2,81,46,Textile_Dyeing,979,Low

